institutionId,institution,ntaType,ntaParticipationStatus,collegeInventoryStatus,programmeInventoryStatus,collegeCount,programmeCount,requiredNextDocuments,lastVerified,sourceUrl
"central-001","ALIGARH MUSLIM UNIVERSITY","Central University","verified","unavailable","unavailable","","","Official admission bulletin/prospectus; programme mapping; constituent-college/campus list; category seat matrix; counselling route; historical cutoff/allocation notice","2026-07-14","https://cuet.nta.nic.in/participating-universities/central-universities/"
"central-002","ASSAM UNIVERSITY, SILCHAR","Central University","verified","unavailable","unavailable","","","Official admission bulletin/prospectus; programme mapping; constituent-college/campus list; category seat matrix; counselling route; historical cutoff/allocation notice","2026-07-14","https://cuet.nta.nic.in/participating-universities/central-universities/"
"central-003","BABASAHEB BHIMRAO AMBEDKAR UNIVERSITY","Central University","verified","unavailable","unavailable","","","Official admission bulletin/prospectus; programme mapping; constituent-college/campus list; category seat matrix; counselling route; historical cutoff/allocation notice","2026-07-14","https://cuet.nta.nic.in/participating-universities/central-universities/"
"central-004","BANARAS HINDU UNIVERSITY","Central University","verified","unavailable","unavailable","","","Official admission bulletin/prospectus; programme mapping; constituent-college/campus list; category seat matrix; counselling route; historical cutoff/allocation notice","2026-07-14","https://cuet.nta.nic.in/participating-universities/central-universities/"
"central-005","CENTRAL SANSKRIT UNIVERSITY, NEW DELHI","Central University","verified","unavailable","unavailable","","","Official admission bulletin/prospectus; programme mapping; constituent-college/campus list; category seat matrix; counselling route; historical cutoff/allocation notice","2026-07-14","https://cuet.nta.nic.in/participating-universities/central-universities/"
"central-006","CENTRAL TRIBAL UNIVERSITY OF ANDHRA PRADESH","Central University","verified","unavailable","unavailable","","","Official admission bulletin/prospectus; programme mapping; constituent-college/campus list; category seat matrix; counselling route; historical cutoff/allocation notice","2026-07-14","https://cuet.nta.nic.in/participating-universities/central-universities/"
"central-007","CENTRAL UNIVERSITY OF ANDHRA PRADESH","Central University","verified","unavailable","unavailable","","","Official admission bulletin/prospectus; programme mapping; constituent-college/campus list; category seat matrix; counselling route; historical cutoff/allocation notice","2026-07-14","https://cuet.nta.nic.in/participating-universities/central-universities/"
"central-008","CENTRAL UNIVERSITY OF GUJARAT","Central University","verified","unavailable","unavailable","","","Official admission bulletin/prospectus; programme mapping; constituent-college/campus list; category seat matrix; counselling route; historical cutoff/allocation notice","2026-07-14","https://cuet.nta.nic.in/participating-universities/central-universities/"
"central-009","CENTRAL UNIVERSITY OF HARYANA","Central University","verified","unavailable","unavailable","","","Official admission bulletin/prospectus; programme mapping; constituent-college/campus list; category seat matrix; counselling route; historical cutoff/allocation notice","2026-07-14","https://cuet.nta.nic.in/participating-universities/central-universities/"
"central-010","CENTRAL UNIVERSITY OF HIMACHAL PRADESH","Central University","verified","unavailable","unavailable","","","Official admission bulletin/prospectus; programme mapping; constituent-college/campus list; category seat matrix; counselling route; historical cutoff/allocation notice","2026-07-14","https://cuet.nta.nic.in/participating-universities/central-universities/"
"central-011","CENTRAL UNIVERSITY OF JAMMU","Central University","verified","unavailable","unavailable","","","Official admission bulletin/prospectus; programme mapping; constituent-college/campus list; category seat matrix; counselling route; historical cutoff/allocation notice","2026-07-14","https://cuet.nta.nic.in/participating-universities/central-universities/"
"central-012","CENTRAL UNIVERSITY OF JHARKHAND","Central University","verified","unavailable","unavailable","","","Official admission bulletin/prospectus; programme mapping; constituent-college/campus list; category seat matrix; counselling route; historical cutoff/allocation notice","2026-07-14","https://cuet.nta.nic.in/participating-universities/central-universities/"
"central-013","CENTRAL UNIVERSITY OF KARNATAKA","Central University","verified","unavailable","unavailable","","","Official admission bulletin/prospectus; programme mapping; constituent-college/campus list; category seat matrix; counselling route; historical cutoff/allocation notice","2026-07-14","https://cuet.nta.nic.in/participating-universities/central-universities/"
"central-014","CENTRAL UNIVERSITY OF KASHMIR","Central University","verified","unavailable","unavailable","","","Official admission bulletin/prospectus; programme mapping; constituent-college/campus list; category seat matrix; counselling route; historical cutoff/allocation notice","2026-07-14","https://cuet.nta.nic.in/participating-universities/central-universities/"
"central-015","CENTRAL UNIVERSITY OF KERALA","Central University","verified","unavailable","unavailable","","","Official admission bulletin/prospectus; programme mapping; constituent-college/campus list; category seat matrix; counselling route; historical cutoff/allocation notice","2026-07-14","https://cuet.nta.nic.in/participating-universities/central-universities/"
"central-016","CENTRAL UNIVERSITY OF ODISHA","Central University","verified","unavailable","unavailable","","","Official admission bulletin/prospectus; programme mapping; constituent-college/campus list; category seat matrix; counselling route; historical cutoff/allocation notice","2026-07-14","https://cuet.nta.nic.in/participating-universities/central-universities/"
"central-017","CENTRAL UNIVERSITY OF PUNJAB","Central University","verified","unavailable","unavailable","","","Official admission bulletin/prospectus; programme mapping; constituent-college/campus list; category seat matrix; counselling route; historical cutoff/allocation notice","2026-07-14","https://cuet.nta.nic.in/participating-universities/central-universities/"
"central-018","CENTRAL UNIVERSITY OF RAJASTHAN","Central University","verified","unavailable","unavailable","","","Official admission bulletin/prospectus; programme mapping; constituent-college/campus list; category seat matrix; counselling route; historical cutoff/allocation notice","2026-07-14","https://cuet.nta.nic.in/participating-universities/central-universities/"
"central-019","CENTRAL UNIVERSITY OF SOUTH BIHAR","Central University","verified","unavailable","unavailable","","","Official admission bulletin/prospectus; programme mapping; constituent-college/campus list; category seat matrix; counselling route; historical cutoff/allocation notice","2026-07-14","https://cuet.nta.nic.in/participating-universities/central-universities/"
"central-020","CENTRAL UNIVERSITY OF TAMIL NADU","Central University","verified","unavailable","unavailable","","","Official admission bulletin/prospectus; programme mapping; constituent-college/campus list; category seat matrix; counselling route; historical cutoff/allocation notice","2026-07-14","https://cuet.nta.nic.in/participating-universities/central-universities/"
"central-021","DR. HARISINGH GOUR VISHWAVIDYALAYA","Central University","verified","unavailable","unavailable","","","Official admission bulletin/prospectus; programme mapping; constituent-college/campus list; category seat matrix; counselling route; historical cutoff/allocation notice","2026-07-14","https://cuet.nta.nic.in/participating-universities/central-universities/"
"central-022","GURU GHASIDAS VISHWAVIDYALAYA","Central University","verified","unavailable","unavailable","","","Official admission bulletin/prospectus; programme mapping; constituent-college/campus list; category seat matrix; counselling route; historical cutoff/allocation notice","2026-07-14","https://cuet.nta.nic.in/participating-universities/central-universities/"
"central-023","HNB GARHWAL UNIVERSITY SRINAGAR GARHWAL","Central University","verified","unavailable","unavailable","","","Official admission bulletin/prospectus; programme mapping; constituent-college/campus list; category seat matrix; counselling route; historical cutoff/allocation notice","2026-07-14","https://cuet.nta.nic.in/participating-universities/central-universities/"
"central-024","IIT DHARWAD","Central University","verified","unavailable","unavailable","","","Official admission bulletin/prospectus; programme mapping; constituent-college/campus list; category seat matrix; counselling route; historical cutoff/allocation notice","2026-07-14","https://cuet.nta.nic.in/participating-universities/central-universities/"
"central-025","INDIRA GANDHI NATIONAL TRIBAL UNIVERSITY","Central University","verified","unavailable","unavailable","","","Official admission bulletin/prospectus; programme mapping; constituent-college/campus list; category seat matrix; counselling route; historical cutoff/allocation notice","2026-07-14","https://cuet.nta.nic.in/participating-universities/central-universities/"
"central-026","JAMIA MILLIA ISLAMIA","Central University","verified","unavailable","unavailable","","","Official admission bulletin/prospectus; programme mapping; constituent-college/campus list; category seat matrix; counselling route; historical cutoff/allocation notice","2026-07-14","https://cuet.nta.nic.in/participating-universities/central-universities/"
"central-027","JAWAHARLAL NEHRU UNIVERSITY","Central University","verified","unavailable","unavailable","","","Official admission bulletin/prospectus; programme mapping; constituent-college/campus list; category seat matrix; counselling route; historical cutoff/allocation notice","2026-07-14","https://cuet.nta.nic.in/participating-universities/central-universities/"
"central-028","MAHATMA GANDHI ANTARRASHTRIYA HINDI VISHWAVIDYALAYA","Central University","verified","unavailable","unavailable","","","Official admission bulletin/prospectus; programme mapping; constituent-college/campus list; category seat matrix; counselling route; historical cutoff/allocation notice","2026-07-14","https://cuet.nta.nic.in/participating-universities/central-universities/"
"central-029","MAHATMA GANDHI CENTRAL UNIVERSITY","Central University","verified","unavailable","unavailable","","","Official admission bulletin/prospectus; programme mapping; constituent-college/campus list; category seat matrix; counselling route; historical cutoff/allocation notice","2026-07-14","https://cuet.nta.nic.in/participating-universities/central-universities/"
"central-030","MANIPUR UNIVERSITY","Central University","verified","unavailable","unavailable","","","Official admission bulletin/prospectus; programme mapping; constituent-college/campus list; category seat matrix; counselling route; historical cutoff/allocation notice","2026-07-14","https://cuet.nta.nic.in/participating-universities/central-universities/"
"central-031","MAULANA AZAD NATIONAL URDU UNIVERSITY","Central University","verified","unavailable","unavailable","","","Official admission bulletin/prospectus; programme mapping; constituent-college/campus list; category seat matrix; counselling route; historical cutoff/allocation notice","2026-07-14","https://cuet.nta.nic.in/participating-universities/central-universities/"
"central-032","MIZORAM UNIVERSITY","Central University","verified","unavailable","unavailable","","","Official admission bulletin/prospectus; programme mapping; constituent-college/campus list; category seat matrix; counselling route; historical cutoff/allocation notice","2026-07-14","https://cuet.nta.nic.in/participating-universities/central-universities/"
"central-033","NAGALAND UNIVERSITY","Central University","verified","unavailable","unavailable","","","Official admission bulletin/prospectus; programme mapping; constituent-college/campus list; category seat matrix; counselling route; historical cutoff/allocation notice","2026-07-14","https://cuet.nta.nic.in/participating-universities/central-universities/"
"central-034","NATIONAL SANSKRIT UNIVERSITY","Central University","verified","unavailable","unavailable","","","Official admission bulletin/prospectus; programme mapping; constituent-college/campus list; category seat matrix; counselling route; historical cutoff/allocation notice","2026-07-14","https://cuet.nta.nic.in/participating-universities/central-universities/"
"central-035","NORTH-EASTERN HILL UNIVERSITY","Central University","verified","unavailable","unavailable","","","Official admission bulletin/prospectus; programme mapping; constituent-college/campus list; category seat matrix; counselling route; historical cutoff/allocation notice","2026-07-14","https://cuet.nta.nic.in/participating-universities/central-universities/"
"central-036","PONDICHERRY UNIVERSITY","Central University","verified","unavailable","unavailable","","","Official admission bulletin/prospectus; programme mapping; constituent-college/campus list; category seat matrix; counselling route; historical cutoff/allocation notice","2026-07-14","https://cuet.nta.nic.in/participating-universities/central-universities/"
"central-037","RAJIV GANDHI NATIONAL AVIATION UNIVERSITY","Central University","verified","unavailable","unavailable","","","Official admission bulletin/prospectus; programme mapping; constituent-college/campus list; category seat matrix; counselling route; historical cutoff/allocation notice","2026-07-14","https://cuet.nta.nic.in/participating-universities/central-universities/"
"central-038","RAJIV GANDHI UNIVERSITY","Central University","verified","unavailable","unavailable","","","Official admission bulletin/prospectus; programme mapping; constituent-college/campus list; category seat matrix; counselling route; historical cutoff/allocation notice","2026-07-14","https://cuet.nta.nic.in/participating-universities/central-universities/"
"central-039","SAMMAKKA SARAKKA CENTRAL TRIBAL UNIVERSITY","Central University","verified","unavailable","unavailable","","","Official admission bulletin/prospectus; programme mapping; constituent-college/campus list; category seat matrix; counselling route; historical cutoff/allocation notice","2026-07-14","https://cuet.nta.nic.in/participating-universities/central-universities/"
"central-040","SHRI LAL BAHADUR SHASTRI NATIONAL SANSKRIT UNIVERSITY","Central University","verified","unavailable","unavailable","","","Official admission bulletin/prospectus; programme mapping; constituent-college/campus list; category seat matrix; counselling route; historical cutoff/allocation notice","2026-07-14","https://cuet.nta.nic.in/participating-universities/central-universities/"
"central-041","SIKKIM UNIVERSITY, GANGTOK","Central University","verified","unavailable","unavailable","","","Official admission bulletin/prospectus; programme mapping; constituent-college/campus list; category seat matrix; counselling route; historical cutoff/allocation notice","2026-07-14","https://cuet.nta.nic.in/participating-universities/central-universities/"
"central-042","SOUTH ASIAN UNIVERSITY","Central University","verified","unavailable","unavailable","","","Official admission bulletin/prospectus; programme mapping; constituent-college/campus list; category seat matrix; counselling route; historical cutoff/allocation notice","2026-07-14","https://cuet.nta.nic.in/participating-universities/central-universities/"
"central-043","TEZPUR UNIVERSITY","Central University","verified","unavailable","unavailable","","","Official admission bulletin/prospectus; programme mapping; constituent-college/campus list; category seat matrix; counselling route; historical cutoff/allocation notice","2026-07-14","https://cuet.nta.nic.in/participating-universities/central-universities/"
"central-044","THE ENGLISH AND FOREIGN LANGUAGES UNIVERSITY, HYDERABAD","Central University","verified","unavailable","unavailable","","","Official admission bulletin/prospectus; programme mapping; constituent-college/campus list; category seat matrix; counselling route; historical cutoff/allocation notice","2026-07-14","https://cuet.nta.nic.in/participating-universities/central-universities/"
"central-045","TRIPURA UNIVERSITY","Central University","verified","unavailable","unavailable","","","Official admission bulletin/prospectus; programme mapping; constituent-college/campus list; category seat matrix; counselling route; historical cutoff/allocation notice","2026-07-14","https://cuet.nta.nic.in/participating-universities/central-universities/"
"central-046","UNIVERSITY OF ALLAHABAD","Central University","verified","unavailable","unavailable","","","Official admission bulletin/prospectus; programme mapping; constituent-college/campus list; category seat matrix; counselling route; historical cutoff/allocation notice","2026-07-14","https://cuet.nta.nic.in/participating-universities/central-universities/"
"central-047","UNIVERSITY OF DELHI","Central University","verified","unavailable","unavailable","","","Official admission bulletin/prospectus; programme mapping; constituent-college/campus list; category seat matrix; counselling route; historical cutoff/allocation notice","2026-07-14","https://cuet.nta.nic.in/participating-universities/central-universities/"
"central-048","UNIVERSITY OF HYDERABAD","Central University","verified","unavailable","unavailable","","","Official admission bulletin/prospectus; programme mapping; constituent-college/campus list; category seat matrix; counselling route; historical cutoff/allocation notice","2026-07-14","https://cuet.nta.nic.in/participating-universities/central-universities/"
"central-049","VISVA-BHARATI UNIVERSITY","Central University","verified","unavailable","unavailable","","","Official admission bulletin/prospectus; programme mapping; constituent-college/campus list; category seat matrix; counselling route; historical cutoff/allocation notice","2026-07-14","https://cuet.nta.nic.in/participating-universities/central-universities/"
"state-001","BABA GHULAM SHAH UNIVERSITY","State University","verified","unavailable","unavailable","","","Official admission bulletin/prospectus; programme mapping; constituent-college/campus list; category seat matrix; counselling route; historical cutoff/allocation notice","2026-07-14","https://cuet.nta.nic.in/participating-universities/state-universities/"
"state-002","BARKATULLAH UNIVERSITY","State University","verified","unavailable","unavailable","","","Official admission bulletin/prospectus; programme mapping; constituent-college/campus list; category seat matrix; counselling route; historical cutoff/allocation notice","2026-07-14","https://cuet.nta.nic.in/participating-universities/state-universities/"
"state-003","BHATTADEV UNIVERSITY","State University","verified","unavailable","unavailable","","","Official admission bulletin/prospectus; programme mapping; constituent-college/campus list; category seat matrix; counselling route; historical cutoff/allocation notice","2026-07-14","https://cuet.nta.nic.in/participating-universities/state-universities/"
"state-004","BIRANGANA SATI SADHANI RAJYIK VISHWAVIDYALAYA, GOLAGHAT, ASSAM","State University","verified","unavailable","unavailable","","","Official admission bulletin/prospectus; programme mapping; constituent-college/campus list; category seat matrix; counselling route; historical cutoff/allocation notice","2026-07-14","https://cuet.nta.nic.in/participating-universities/state-universities/"
"state-005","CLUSTER UNIVERSITY OF JAMMU","State University","verified","unavailable","unavailable","","","Official admission bulletin/prospectus; programme mapping; constituent-college/campus list; category seat matrix; counselling route; historical cutoff/allocation notice","2026-07-14","https://cuet.nta.nic.in/participating-universities/state-universities/"
"state-006","CLUSTER UNIVERSITY OF SRINAGAR","State University","verified","unavailable","unavailable","","","Official admission bulletin/prospectus; programme mapping; constituent-college/campus list; category seat matrix; counselling route; historical cutoff/allocation notice","2026-07-14","https://cuet.nta.nic.in/participating-universities/state-universities/"
"state-007","DELHI TEACHERS UNIVERSITY","State University","verified","unavailable","unavailable","","","Official admission bulletin/prospectus; programme mapping; constituent-college/campus list; category seat matrix; counselling route; historical cutoff/allocation notice","2026-07-14","https://cuet.nta.nic.in/participating-universities/state-universities/"
"state-008","DELHI TECHNOLOGICAL UNIVERSITY","State University","verified","unavailable","unavailable","","","Official admission bulletin/prospectus; programme mapping; constituent-college/campus list; category seat matrix; counselling route; historical cutoff/allocation notice","2026-07-14","https://cuet.nta.nic.in/participating-universities/state-universities/"
"state-009","DEVI AHILYA VISHWAVIDYALAYA, INDORE (M.P.)","State University","verified","unavailable","unavailable","","","Official admission bulletin/prospectus; programme mapping; constituent-college/campus list; category seat matrix; counselling route; historical cutoff/allocation notice","2026-07-14","https://cuet.nta.nic.in/participating-universities/state-universities/"
"state-010","DIBRUGARH UNIVERSITY, DIBRUGARH, ASSAM","State University","verified","unavailable","unavailable","","","Official admission bulletin/prospectus; programme mapping; constituent-college/campus list; category seat matrix; counselling route; historical cutoff/allocation notice","2026-07-14","https://cuet.nta.nic.in/participating-universities/state-universities/"
"state-011","DR. A.P.J. ABDUL KALAM TECHNICAL UNIVERSITY, UTTAR PRADESH, LUCKNOW","State University","verified","unavailable","unavailable","","","Official admission bulletin/prospectus; programme mapping; constituent-college/campus list; category seat matrix; counselling route; historical cutoff/allocation notice","2026-07-14","https://cuet.nta.nic.in/participating-universities/state-universities/"
"state-012","DR. B.R. AMBEDKAR UNIVERSITY DELHI","State University","verified","unavailable","unavailable","","","Official admission bulletin/prospectus; programme mapping; constituent-college/campus list; category seat matrix; counselling route; historical cutoff/allocation notice","2026-07-14","https://cuet.nta.nic.in/participating-universities/state-universities/"
"state-013","DR. RAMMANOHAR LOHIA AVADH UNIVERSITY, AYODHYA(U.P.)","State University","verified","unavailable","unavailable","","","Official admission bulletin/prospectus; programme mapping; constituent-college/campus list; category seat matrix; counselling route; historical cutoff/allocation notice","2026-07-14","https://cuet.nta.nic.in/participating-universities/state-universities/"
"state-014","DR. SHAKUNTALA MISRA NATIONAL REHABILITATION UNIVERSITY, LUCKNOW","State University","verified","unavailable","unavailable","","","Official admission bulletin/prospectus; programme mapping; constituent-college/campus list; category seat matrix; counselling route; historical cutoff/allocation notice","2026-07-14","https://cuet.nta.nic.in/participating-universities/state-universities/"
"state-015","DR.B.R. AMBEDKAR SCHOOL OF ECONOMICS UNIVERSITY, BENGALURU","State University","verified","unavailable","unavailable","","","Official admission bulletin/prospectus; programme mapping; constituent-college/campus list; category seat matrix; counselling route; historical cutoff/allocation notice","2026-07-14","https://cuet.nta.nic.in/participating-universities/state-universities/"
"state-016","GAUTAM BUDDHA UNIVERSITY","State University","verified","unavailable","unavailable","","","Official admission bulletin/prospectus; programme mapping; constituent-college/campus list; category seat matrix; counselling route; historical cutoff/allocation notice","2026-07-14","https://cuet.nta.nic.in/participating-universities/state-universities/"
"state-017","GOVT. DEGREE COLLEGE (AUTONOMOUS) BARAMULLA","State University","verified","unavailable","unavailable","","","Official admission bulletin/prospectus; programme mapping; constituent-college/campus list; category seat matrix; counselling route; historical cutoff/allocation notice","2026-07-14","https://cuet.nta.nic.in/participating-universities/state-universities/"
"state-018","GURU GOBIND SINGH INDRAPRASTHA UNIVERSITY","State University","verified","unavailable","unavailable","","","Official admission bulletin/prospectus; programme mapping; constituent-college/campus list; category seat matrix; counselling route; historical cutoff/allocation notice","2026-07-14","https://cuet.nta.nic.in/participating-universities/state-universities/"
"state-019","HARCOURT BUTLER TECHNICAL UNIVERSITY KANPUR (UP)","State University","verified","unavailable","unavailable","","","Official admission bulletin/prospectus; programme mapping; constituent-college/campus list; category seat matrix; counselling route; historical cutoff/allocation notice","2026-07-14","https://cuet.nta.nic.in/participating-universities/state-universities/"
"state-020","INDIRA GANDHI DELHI TECHNICAL UNIVERSITY FOR WOMEN","State University","verified","unavailable","unavailable","","","Official admission bulletin/prospectus; programme mapping; constituent-college/campus list; category seat matrix; counselling route; historical cutoff/allocation notice","2026-07-14","https://cuet.nta.nic.in/participating-universities/state-universities/"
"state-021","ISLAMIA COLLEGE OF SCIENCE AND COMMERCE SRINAGAR","State University","verified","unavailable","unavailable","","","Official admission bulletin/prospectus; programme mapping; constituent-college/campus list; category seat matrix; counselling route; historical cutoff/allocation notice","2026-07-14","https://cuet.nta.nic.in/participating-universities/state-universities/"
"state-022","ISLAMIC UNIVERSITY OF SCIENCE AND TECHNOLOGY, KASHMIR","State University","verified","unavailable","unavailable","","","Official admission bulletin/prospectus; programme mapping; constituent-college/campus list; category seat matrix; counselling route; historical cutoff/allocation notice","2026-07-14","https://cuet.nta.nic.in/participating-universities/state-universities/"
"state-023","JAGADGURU RAMBHADRACHARYA DIVYANG STATE UNIVERSITY","State University","verified","unavailable","unavailable","","","Official admission bulletin/prospectus; programme mapping; constituent-college/campus list; category seat matrix; counselling route; historical cutoff/allocation notice","2026-07-14","https://cuet.nta.nic.in/participating-universities/state-universities/"
"state-024","JAGANNATH BAROOAH UNIVERSITY, JORHAT","State University","verified","unavailable","unavailable","","","Official admission bulletin/prospectus; programme mapping; constituent-college/campus list; category seat matrix; counselling route; historical cutoff/allocation notice","2026-07-14","https://cuet.nta.nic.in/participating-universities/state-universities/"
"state-025","KUMAR BHASKAR VARMA SANSKRIT AND ANCIENT STUDIES UNIVERSITY","State University","verified","unavailable","unavailable","","","Official admission bulletin/prospectus; programme mapping; constituent-college/campus list; category seat matrix; counselling route; historical cutoff/allocation notice","2026-07-14","https://cuet.nta.nic.in/participating-universities/state-universities/"
"state-026","MADAN MOHAN MALAVIYA UNIVERSITY OF TECHNOLOGY","State University","verified","unavailable","unavailable","","","Official admission bulletin/prospectus; programme mapping; constituent-college/campus list; category seat matrix; counselling route; historical cutoff/allocation notice","2026-07-14","https://cuet.nta.nic.in/participating-universities/state-universities/"
"state-027","MADHABDEV UNIVERSITY","State University","verified","unavailable","unavailable","","","Official admission bulletin/prospectus; programme mapping; constituent-college/campus list; category seat matrix; counselling route; historical cutoff/allocation notice","2026-07-14","https://cuet.nta.nic.in/participating-universities/state-universities/"
"state-028","MAHARAJA CHHATRASAL BUNDELKHAND UNIVERSITY","State University","verified","unavailable","unavailable","","","Official admission bulletin/prospectus; programme mapping; constituent-college/campus list; category seat matrix; counselling route; historical cutoff/allocation notice","2026-07-14","https://cuet.nta.nic.in/participating-universities/state-universities/"
"state-029","MAHARAJA SURAJMAL BRIJ UNIVERSITY BHARATPUR","State University","verified","unavailable","unavailable","","","Official admission bulletin/prospectus; programme mapping; constituent-college/campus list; category seat matrix; counselling route; historical cutoff/allocation notice","2026-07-14","https://cuet.nta.nic.in/participating-universities/state-universities/"
"state-030","MAHARANA PRATAP HORTICULTURAL UNIVERSITY, KARNAL","State University","verified","unavailable","unavailable","","","Official admission bulletin/prospectus; programme mapping; constituent-college/campus list; category seat matrix; counselling route; historical cutoff/allocation notice","2026-07-14","https://cuet.nta.nic.in/participating-universities/state-universities/"
"state-031","MAKHANLAL CHATURVEDI UNIVERSITY","State University","verified","unavailable","unavailable","","","Official admission bulletin/prospectus; programme mapping; constituent-college/campus list; category seat matrix; counselling route; historical cutoff/allocation notice","2026-07-14","https://cuet.nta.nic.in/participating-universities/state-universities/"
"state-032","NAGAON UNIVERSITY","State University","verified","unavailable","unavailable","","","Official admission bulletin/prospectus; programme mapping; constituent-college/campus list; category seat matrix; counselling route; historical cutoff/allocation notice","2026-07-14","https://cuet.nta.nic.in/participating-universities/state-universities/"
"state-033","NORTH LAKHIMPUR UNIVERSITY","State University","verified","unavailable","unavailable","","","Official admission bulletin/prospectus; programme mapping; constituent-college/campus list; category seat matrix; counselling route; historical cutoff/allocation notice","2026-07-14","https://cuet.nta.nic.in/participating-universities/state-universities/"
"state-034","RATAN TATA MAHRASHTRA STATE SKILLS UNIVERSITY","State University","verified","unavailable","unavailable","","","Official admission bulletin/prospectus; programme mapping; constituent-college/campus list; category seat matrix; counselling route; historical cutoff/allocation notice","2026-07-14","https://cuet.nta.nic.in/participating-universities/state-universities/"
"state-035","SAMRAT VIKRMADITYA VISHWAVIDYALAY, UJJAIN (MP)","State University","verified","unavailable","unavailable","","","Official admission bulletin/prospectus; programme mapping; constituent-college/campus list; category seat matrix; counselling route; historical cutoff/allocation notice","2026-07-14","https://cuet.nta.nic.in/participating-universities/state-universities/"
"state-036","SARDAR PATEL UNIVERSITY OF POLICE, SECURITY AND CRIMINAL JUSTICE","State University","verified","unavailable","unavailable","","","Official admission bulletin/prospectus; programme mapping; constituent-college/campus list; category seat matrix; counselling route; historical cutoff/allocation notice","2026-07-14","https://cuet.nta.nic.in/participating-universities/state-universities/"
"state-037","SHRI MATA VAISHNO DEVI UNIVERSITY","State University","verified","unavailable","unavailable","","","Official admission bulletin/prospectus; programme mapping; constituent-college/campus list; category seat matrix; counselling route; historical cutoff/allocation notice","2026-07-14","https://cuet.nta.nic.in/participating-universities/state-universities/"
"state-038","SIBSAGAR UNIVERSITY","State University","verified","unavailable","unavailable","","","Official admission bulletin/prospectus; programme mapping; constituent-college/campus list; category seat matrix; counselling route; historical cutoff/allocation notice","2026-07-14","https://cuet.nta.nic.in/participating-universities/state-universities/"
"state-039","UNIVERSITY OF JAMMU","State University","verified","unavailable","unavailable","","","Official admission bulletin/prospectus; programme mapping; constituent-college/campus list; category seat matrix; counselling route; historical cutoff/allocation notice","2026-07-14","https://cuet.nta.nic.in/participating-universities/state-universities/"
"state-040","UNIVERSITY OF KASHMIR","State University","verified","unavailable","unavailable","","","Official admission bulletin/prospectus; programme mapping; constituent-college/campus list; category seat matrix; counselling route; historical cutoff/allocation notice","2026-07-14","https://cuet.nta.nic.in/participating-universities/state-universities/"
"state-041","UNIVERSITY OF LADAKH","State University","verified","unavailable","unavailable","","","Official admission bulletin/prospectus; programme mapping; constituent-college/campus list; category seat matrix; counselling route; historical cutoff/allocation notice","2026-07-14","https://cuet.nta.nic.in/participating-universities/state-universities/"
"deemed-001","AVINASHILINGAM INSTITUTE FOR HOME SCIENCE AND HIGHER EDUCATION FOR WOMEN","Deemed University","verified","unavailable","unavailable","","","Official admission bulletin/prospectus; programme mapping; constituent-college/campus list; category seat matrix; counselling route; historical cutoff/allocation notice","2026-07-14","https://cuet.nta.nic.in/participating-universities/deemed-universities/"
"deemed-002","CHINMAYA VISHWAVIDYAPEETH","Deemed University","verified","unavailable","unavailable","","","Official admission bulletin/prospectus; programme mapping; constituent-college/campus list; category seat matrix; counselling route; historical cutoff/allocation notice","2026-07-14","https://cuet.nta.nic.in/participating-universities/deemed-universities/"
"deemed-003","DAYALBAGH EDUCATIONAL INSTITUTE","Deemed University","verified","unavailable","unavailable","","","Official admission bulletin/prospectus; programme mapping; constituent-college/campus list; category seat matrix; counselling route; historical cutoff/allocation notice","2026-07-14","https://cuet.nta.nic.in/participating-universities/deemed-universities/"
"deemed-004","GITAM (VISHAKHAPATNAM)","Deemed University","verified","unavailable","unavailable","","","Official admission bulletin/prospectus; programme mapping; constituent-college/campus list; category seat matrix; counselling route; historical cutoff/allocation notice","2026-07-14","https://cuet.nta.nic.in/participating-universities/deemed-universities/"
"deemed-005","GITAM(BLR)","Deemed University","verified","unavailable","unavailable","","","Official admission bulletin/prospectus; programme mapping; constituent-college/campus list; category seat matrix; counselling route; historical cutoff/allocation notice","2026-07-14","https://cuet.nta.nic.in/participating-universities/deemed-universities/"
"deemed-006","GITAM(HYD)","Deemed University","verified","unavailable","unavailable","","","Official admission bulletin/prospectus; programme mapping; constituent-college/campus list; category seat matrix; counselling route; historical cutoff/allocation notice","2026-07-14","https://cuet.nta.nic.in/participating-universities/deemed-universities/"
"deemed-007","GOKHALE INSTITUTE OF POLITICS AND ECONOMICS","Deemed University","verified","unavailable","unavailable","","","Official admission bulletin/prospectus; programme mapping; constituent-college/campus list; category seat matrix; counselling route; historical cutoff/allocation notice","2026-07-14","https://cuet.nta.nic.in/participating-universities/deemed-universities/"
"deemed-008","GRAPHIC ERA UNIVERSITY, DEHRADUN, UTTARAKHAND","Deemed University","verified","unavailable","unavailable","","","Official admission bulletin/prospectus; programme mapping; constituent-college/campus list; category seat matrix; counselling route; historical cutoff/allocation notice","2026-07-14","https://cuet.nta.nic.in/participating-universities/deemed-universities/"
"deemed-009","GUJARAT VIDYAPITH UNIVERSITY","Deemed University","verified","unavailable","unavailable","","","Official admission bulletin/prospectus; programme mapping; constituent-college/campus list; category seat matrix; counselling route; historical cutoff/allocation notice","2026-07-14","https://cuet.nta.nic.in/participating-universities/deemed-universities/"
"deemed-010","GURUKULA KANGRI UNIVERSITY","Deemed University","verified","unavailable","unavailable","","","Official admission bulletin/prospectus; programme mapping; constituent-college/campus list; category seat matrix; counselling route; historical cutoff/allocation notice","2026-07-14","https://cuet.nta.nic.in/participating-universities/deemed-universities/"
"deemed-011","ICFAI(HYDERABAD)","Deemed University","verified","unavailable","unavailable","","","Official admission bulletin/prospectus; programme mapping; constituent-college/campus list; category seat matrix; counselling route; historical cutoff/allocation notice","2026-07-14","https://cuet.nta.nic.in/participating-universities/deemed-universities/"
"deemed-012","IIS (DEEMED TO BE UNIVERSITY), JAIPUR","Deemed University","verified","unavailable","unavailable","","","Official admission bulletin/prospectus; programme mapping; constituent-college/campus list; category seat matrix; counselling route; historical cutoff/allocation notice","2026-07-14","https://cuet.nta.nic.in/participating-universities/deemed-universities/"
"deemed-013","JAMIA HAMDARD","Deemed University","verified","unavailable","unavailable","","","Official admission bulletin/prospectus; programme mapping; constituent-college/campus list; category seat matrix; counselling route; historical cutoff/allocation notice","2026-07-14","https://cuet.nta.nic.in/participating-universities/deemed-universities/"
"deemed-014","JAYPEE INSTITUTE OF INFORMATION TECHNOLOGY","Deemed University","verified","unavailable","unavailable","","","Official admission bulletin/prospectus; programme mapping; constituent-college/campus list; category seat matrix; counselling route; historical cutoff/allocation notice","2026-07-14","https://cuet.nta.nic.in/participating-universities/deemed-universities/"
"deemed-015","KIET-KRISHNA INSTITUTE OF ENGINEERING & TECHNOLOGY","Deemed University","verified","unavailable","unavailable","","","Official admission bulletin/prospectus; programme mapping; constituent-college/campus list; category seat matrix; counselling route; historical cutoff/allocation notice","2026-07-14","https://cuet.nta.nic.in/participating-universities/deemed-universities/"
"deemed-016","LAKSHMIBAI NATIONAL INSTITUTE OF PHYSICAL EDUCATION","Deemed University","verified","unavailable","unavailable","","","Official admission bulletin/prospectus; programme mapping; constituent-college/campus list; category seat matrix; counselling route; historical cutoff/allocation notice","2026-07-14","https://cuet.nta.nic.in/participating-universities/deemed-universities/"
"deemed-017","LINGYA'S VIDYAPEETH UNIVERSITY","Deemed University","verified","unavailable","unavailable","","","Official admission bulletin/prospectus; programme mapping; constituent-college/campus list; category seat matrix; counselling route; historical cutoff/allocation notice","2026-07-14","https://cuet.nta.nic.in/participating-universities/deemed-universities/"
"deemed-018","MAHARISHI MARKANDESHWAR (DEEMED TO BE UNIVERSITY), MULLANA - AMBALA","Deemed University","verified","unavailable","unavailable","","","Official admission bulletin/prospectus; programme mapping; constituent-college/campus list; category seat matrix; counselling route; historical cutoff/allocation notice","2026-07-14","https://cuet.nta.nic.in/participating-universities/deemed-universities/"
"deemed-019","MALLA REDDY VISHWAVIDYAPEETH","Deemed University","verified","unavailable","unavailable","","","Official admission bulletin/prospectus; programme mapping; constituent-college/campus list; category seat matrix; counselling route; historical cutoff/allocation notice","2026-07-14","https://cuet.nta.nic.in/participating-universities/deemed-universities/"
"deemed-020","MANAV RACHNA INTERNATIONAL INSTITUTE OF RESEARCH AND STUDIES","Deemed University","verified","unavailable","unavailable","","","Official admission bulletin/prospectus; programme mapping; constituent-college/campus list; category seat matrix; counselling route; historical cutoff/allocation notice","2026-07-14","https://cuet.nta.nic.in/participating-universities/deemed-universities/"
"deemed-021","NEHRU GRAM BHARATI (DEEMED TO BE UNIVERSITY)","Deemed University","verified","unavailable","unavailable","","","Official admission bulletin/prospectus; programme mapping; constituent-college/campus list; category seat matrix; counselling route; historical cutoff/allocation notice","2026-07-14","https://cuet.nta.nic.in/participating-universities/deemed-universities/"
"deemed-022","SHOBHIT INSTITUTE OF ENGINEERING AND TECHNOLOGY","Deemed University","verified","unavailable","unavailable","","","Official admission bulletin/prospectus; programme mapping; constituent-college/campus list; category seat matrix; counselling route; historical cutoff/allocation notice","2026-07-14","https://cuet.nta.nic.in/participating-universities/deemed-universities/"
"deemed-023","SRM INSTITUTE OF SCIENCE AND TECHNOLOGY","Deemed University","verified","unavailable","unavailable","","","Official admission bulletin/prospectus; programme mapping; constituent-college/campus list; category seat matrix; counselling route; historical cutoff/allocation notice","2026-07-14","https://cuet.nta.nic.in/participating-universities/deemed-universities/"
"deemed-024","TATA INSTITUTE OF SOCIAL SCIENCES (TISS)","Deemed University","verified","unavailable","unavailable","","","Official admission bulletin/prospectus; programme mapping; constituent-college/campus list; category seat matrix; counselling route; historical cutoff/allocation notice","2026-07-14","https://cuet.nta.nic.in/participating-universities/deemed-universities/"
"deemed-025","TERI SCHOOL OF ADVANCED STUDIES","Deemed University","verified","unavailable","unavailable","","","Official admission bulletin/prospectus; programme mapping; constituent-college/campus list; category seat matrix; counselling route; historical cutoff/allocation notice","2026-07-14","https://cuet.nta.nic.in/participating-universities/deemed-universities/"
"deemed-026","THE GANDHIGRAM RURAL INSTITUTE (DTBU)","Deemed University","verified","unavailable","unavailable","","","Official admission bulletin/prospectus; programme mapping; constituent-college/campus list; category seat matrix; counselling route; historical cutoff/allocation notice","2026-07-14","https://cuet.nta.nic.in/participating-universities/deemed-universities/"
"deemed-027","VINAYAKA MISSION'S RESEARCH FOUNDATION","Deemed University","verified","unavailable","unavailable","","","Official admission bulletin/prospectus; programme mapping; constituent-college/campus list; category seat matrix; counselling route; historical cutoff/allocation notice","2026-07-14","https://cuet.nta.nic.in/participating-universities/deemed-universities/"
"private-001","ABHYUDAY UNIVERSITY","Private University","verified","unavailable","unavailable","","","Official admission bulletin/prospectus; programme mapping; constituent-college/campus list; category seat matrix; counselling route; historical cutoff/allocation notice","2026-07-14","https://cuet.nta.nic.in/participating-universities/private-universities/"
"private-002","AJEENKYA DY PATIL UNIVERSITY","Private University","verified","unavailable","unavailable","","","Official admission bulletin/prospectus; programme mapping; constituent-college/campus list; category seat matrix; counselling route; historical cutoff/allocation notice","2026-07-14","https://cuet.nta.nic.in/participating-universities/private-universities/"
"private-003","AKS UNIVERSITY, SATNA (MP)","Private University","verified","unavailable","unavailable","","","Official admission bulletin/prospectus; programme mapping; constituent-college/campus list; category seat matrix; counselling route; historical cutoff/allocation notice","2026-07-14","https://cuet.nta.nic.in/participating-universities/private-universities/"
"private-004","ALLIANCE UNIVERSITY","Private University","verified","unavailable","unavailable","","","Official admission bulletin/prospectus; programme mapping; constituent-college/campus list; category seat matrix; counselling route; historical cutoff/allocation notice","2026-07-14","https://cuet.nta.nic.in/participating-universities/private-universities/"
"private-005","AMITY JHARKHAND","Private University","verified","unavailable","unavailable","","","Official admission bulletin/prospectus; programme mapping; constituent-college/campus list; category seat matrix; counselling route; historical cutoff/allocation notice","2026-07-14","https://cuet.nta.nic.in/participating-universities/private-universities/"
"private-006","AMITY UNIVERSITY (NOIDA CAMPUS)","Private University","verified","unavailable","unavailable","","","Official admission bulletin/prospectus; programme mapping; constituent-college/campus list; category seat matrix; counselling route; historical cutoff/allocation notice","2026-07-14","https://cuet.nta.nic.in/participating-universities/private-universities/"
"private-007","AMITY UNIVERSITY HYDERABAD","Private University","verified","unavailable","unavailable","","","Official admission bulletin/prospectus; programme mapping; constituent-college/campus list; category seat matrix; counselling route; historical cutoff/allocation notice","2026-07-14","https://cuet.nta.nic.in/participating-universities/private-universities/"
"private-008","AMITY UNIVERSITY KOLKATA","Private University","verified","unavailable","unavailable","","","Official admission bulletin/prospectus; programme mapping; constituent-college/campus list; category seat matrix; counselling route; historical cutoff/allocation notice","2026-07-14","https://cuet.nta.nic.in/participating-universities/private-universities/"
"private-009","AMITY UNIVERSITY PUNJAB","Private University","verified","unavailable","unavailable","","","Official admission bulletin/prospectus; programme mapping; constituent-college/campus list; category seat matrix; counselling route; historical cutoff/allocation notice","2026-07-14","https://cuet.nta.nic.in/participating-universities/private-universities/"
"private-010","AMITY UNIVERSITY, GREATER NOIDA","Private University","verified","unavailable","unavailable","","","Official admission bulletin/prospectus; programme mapping; constituent-college/campus list; category seat matrix; counselling route; historical cutoff/allocation notice","2026-07-14","https://cuet.nta.nic.in/participating-universities/private-universities/"
"private-011","AMITY UNIVERSITYPATNA","Private University","verified","unavailable","unavailable","","","Official admission bulletin/prospectus; programme mapping; constituent-college/campus list; category seat matrix; counselling route; historical cutoff/allocation notice","2026-07-14","https://cuet.nta.nic.in/participating-universities/private-universities/"
"private-012","APEX UNIVERSITY","Private University","verified","unavailable","unavailable","","","Official admission bulletin/prospectus; programme mapping; constituent-college/campus list; category seat matrix; counselling route; historical cutoff/allocation notice","2026-07-14","https://cuet.nta.nic.in/participating-universities/private-universities/"
"private-013","ARKA JAIN UNIVERSITY","Private University","verified","unavailable","unavailable","","","Official admission bulletin/prospectus; programme mapping; constituent-college/campus list; category seat matrix; counselling route; historical cutoff/allocation notice","2026-07-14","https://cuet.nta.nic.in/participating-universities/private-universities/"
"private-014","ARUNACHAL UNIVERSITY OF STUDIES","Private University","verified","unavailable","unavailable","","","Official admission bulletin/prospectus; programme mapping; constituent-college/campus list; category seat matrix; counselling route; historical cutoff/allocation notice","2026-07-14","https://cuet.nta.nic.in/participating-universities/private-universities/"
"private-015","ASBM UNIVERSITY","Private University","verified","unavailable","unavailable","","","Official admission bulletin/prospectus; programme mapping; constituent-college/campus list; category seat matrix; counselling route; historical cutoff/allocation notice","2026-07-14","https://cuet.nta.nic.in/participating-universities/private-universities/"
"private-016","ASSAM DOWN TOWN UNIVERSITY","Private University","verified","unavailable","unavailable","","","Official admission bulletin/prospectus; programme mapping; constituent-college/campus list; category seat matrix; counselling route; historical cutoff/allocation notice","2026-07-14","https://cuet.nta.nic.in/participating-universities/private-universities/"
"private-017","AVANTIKA UNIVERSITY","Private University","verified","unavailable","unavailable","","","Official admission bulletin/prospectus; programme mapping; constituent-college/campus list; category seat matrix; counselling route; historical cutoff/allocation notice","2026-07-14","https://cuet.nta.nic.in/participating-universities/private-universities/"
"private-018","AZIM PREM JI UNIVERSITY","Private University","verified","unavailable","unavailable","","","Official admission bulletin/prospectus; programme mapping; constituent-college/campus list; category seat matrix; counselling route; historical cutoff/allocation notice","2026-07-14","https://cuet.nta.nic.in/participating-universities/private-universities/"
"private-019","BABU BANARASI DAS UNIVERSITY","Private University","verified","unavailable","unavailable","","","Official admission bulletin/prospectus; programme mapping; constituent-college/campus list; category seat matrix; counselling route; historical cutoff/allocation notice","2026-07-14","https://cuet.nta.nic.in/participating-universities/private-universities/"
"private-020","BENNET UNIVERSITY","Private University","verified","unavailable","unavailable","","","Official admission bulletin/prospectus; programme mapping; constituent-college/campus list; category seat matrix; counselling route; historical cutoff/allocation notice","2026-07-14","https://cuet.nta.nic.in/participating-universities/private-universities/"
"private-021","BHAGWANT GLOBAL UNIVERSITY KOTDWAR (UTTARAKHAND)","Private University","verified","unavailable","unavailable","","","Official admission bulletin/prospectus; programme mapping; constituent-college/campus list; category seat matrix; counselling route; historical cutoff/allocation notice","2026-07-14","https://cuet.nta.nic.in/participating-universities/private-universities/"
"private-022","BHAGWANT UNIVERSITY","Private University","verified","unavailable","unavailable","","","Official admission bulletin/prospectus; programme mapping; constituent-college/campus list; category seat matrix; counselling route; historical cutoff/allocation notice","2026-07-14","https://cuet.nta.nic.in/participating-universities/private-universities/"
"private-023","BIRLA GLOBAL UNIVERSITY","Private University","verified","unavailable","unavailable","","","Official admission bulletin/prospectus; programme mapping; constituent-college/campus list; category seat matrix; counselling route; historical cutoff/allocation notice","2026-07-14","https://cuet.nta.nic.in/participating-universities/private-universities/"
"private-024","BML MUNJAL UNIVERSITY","Private University","verified","unavailable","unavailable","","","Official admission bulletin/prospectus; programme mapping; constituent-college/campus list; category seat matrix; counselling route; historical cutoff/allocation notice","2026-07-14","https://cuet.nta.nic.in/participating-universities/private-universities/"
"private-025","BRAINWARE UNIVERSITY","Private University","verified","unavailable","unavailable","","","Official admission bulletin/prospectus; programme mapping; constituent-college/campus list; category seat matrix; counselling route; historical cutoff/allocation notice","2026-07-14","https://cuet.nta.nic.in/participating-universities/private-universities/"
"private-026","CARRER COLLEGE BHOPAL","Private University","verified","unavailable","unavailable","","","Official admission bulletin/prospectus; programme mapping; constituent-college/campus list; category seat matrix; counselling route; historical cutoff/allocation notice","2026-07-14","https://cuet.nta.nic.in/participating-universities/private-universities/"
"private-027","CGC UNIVERSITY, MOHALI","Private University","verified","unavailable","unavailable","","","Official admission bulletin/prospectus; programme mapping; constituent-college/campus list; category seat matrix; counselling route; historical cutoff/allocation notice","2026-07-14","https://cuet.nta.nic.in/participating-universities/private-universities/"
"private-028","CHANAKYA UNIVERSITY","Private University","verified","unavailable","unavailable","","","Official admission bulletin/prospectus; programme mapping; constituent-college/campus list; category seat matrix; counselling route; historical cutoff/allocation notice","2026-07-14","https://cuet.nta.nic.in/participating-universities/private-universities/"
"private-029","CHANDIGARH UNIVERSITY -MAPPING","Private University","verified","unavailable","unavailable","","","Official admission bulletin/prospectus; programme mapping; constituent-college/campus list; category seat matrix; counselling route; historical cutoff/allocation notice","2026-07-14","https://cuet.nta.nic.in/participating-universities/private-universities/"
"private-030","CHHATRAPATI SHIVAJI MAHARAJ UNIVERSITY, PANVEL","Private University","verified","unavailable","unavailable","","","Official admission bulletin/prospectus; programme mapping; constituent-college/campus list; category seat matrix; counselling route; historical cutoff/allocation notice","2026-07-14","https://cuet.nta.nic.in/participating-universities/private-universities/"
"private-031","CHITKARA UNIVERSITY","Private University","verified","unavailable","unavailable","","","Official admission bulletin/prospectus; programme mapping; constituent-college/campus list; category seat matrix; counselling route; historical cutoff/allocation notice","2026-07-14","https://cuet.nta.nic.in/participating-universities/private-universities/"
"private-032","CMR UNIVERSITY","Private University","verified","unavailable","unavailable","","","Official admission bulletin/prospectus; programme mapping; constituent-college/campus list; category seat matrix; counselling route; historical cutoff/allocation notice","2026-07-14","https://cuet.nta.nic.in/participating-universities/private-universities/"
"private-033","CT UNIVERSITY(LUDHIANA)","Private University","verified","unavailable","unavailable","","","Official admission bulletin/prospectus; programme mapping; constituent-college/campus list; category seat matrix; counselling route; historical cutoff/allocation notice","2026-07-14","https://cuet.nta.nic.in/participating-universities/private-universities/"
"private-034","DBS GLOBAL UNIVERSITY","Private University","verified","unavailable","unavailable","","","Official admission bulletin/prospectus; programme mapping; constituent-college/campus list; category seat matrix; counselling route; historical cutoff/allocation notice","2026-07-14","https://cuet.nta.nic.in/participating-universities/private-universities/"
"private-035","DIT DEHRADUN","Private University","verified","unavailable","unavailable","","","Official admission bulletin/prospectus; programme mapping; constituent-college/campus list; category seat matrix; counselling route; historical cutoff/allocation notice","2026-07-14","https://cuet.nta.nic.in/participating-universities/private-universities/"
"private-036","FUTURE UNIVERSITY","Private University","verified","unavailable","unavailable","","","Official admission bulletin/prospectus; programme mapping; constituent-college/campus list; category seat matrix; counselling route; historical cutoff/allocation notice","2026-07-14","https://cuet.nta.nic.in/participating-universities/private-universities/"
"private-037","G D GOENKA UNIVERSITY","Private University","verified","unavailable","unavailable","","","Official admission bulletin/prospectus; programme mapping; constituent-college/campus list; category seat matrix; counselling route; historical cutoff/allocation notice","2026-07-14","https://cuet.nta.nic.in/participating-universities/private-universities/"
"private-038","GALGOTIAS UNIVERSITY","Private University","verified","unavailable","unavailable","","","Official admission bulletin/prospectus; programme mapping; constituent-college/campus list; category seat matrix; counselling route; historical cutoff/allocation notice","2026-07-14","https://cuet.nta.nic.in/participating-universities/private-universities/"
"private-039","GEETA UNIVERSITY","Private University","verified","unavailable","unavailable","","","Official admission bulletin/prospectus; programme mapping; constituent-college/campus list; category seat matrix; counselling route; historical cutoff/allocation notice","2026-07-14","https://cuet.nta.nic.in/participating-universities/private-universities/"
"private-040","GLA UNIVERSITY(MATHURA)","Private University","verified","unavailable","unavailable","","","Official admission bulletin/prospectus; programme mapping; constituent-college/campus list; category seat matrix; counselling route; historical cutoff/allocation notice","2026-07-14","https://cuet.nta.nic.in/participating-universities/private-universities/"
"private-041","GOPAL NARAYAN SINGH UNIVERSITY","Private University","verified","unavailable","unavailable","","","Official admission bulletin/prospectus; programme mapping; constituent-college/campus list; category seat matrix; counselling route; historical cutoff/allocation notice","2026-07-14","https://cuet.nta.nic.in/participating-universities/private-universities/"
"private-042","GRAPHIC ERA HILL UNIVERSITY","Private University","verified","unavailable","unavailable","","","Official admission bulletin/prospectus; programme mapping; constituent-college/campus list; category seat matrix; counselling route; historical cutoff/allocation notice","2026-07-14","https://cuet.nta.nic.in/participating-universities/private-universities/"
"private-043","HARIDWAR UNIVERSITY ROORKEE","Private University","verified","unavailable","unavailable","","","Official admission bulletin/prospectus; programme mapping; constituent-college/campus list; category seat matrix; counselling route; historical cutoff/allocation notice","2026-07-14","https://cuet.nta.nic.in/participating-universities/private-universities/"
"private-044","HIMALAYAN UNIVERSITY","Private University","verified","unavailable","unavailable","","","Official admission bulletin/prospectus; programme mapping; constituent-college/campus list; category seat matrix; counselling route; historical cutoff/allocation notice","2026-07-14","https://cuet.nta.nic.in/participating-universities/private-universities/"
"private-045","HRIT UNIVERSITY, GHAZIABAD","Private University","verified","unavailable","unavailable","","","Official admission bulletin/prospectus; programme mapping; constituent-college/campus list; category seat matrix; counselling route; historical cutoff/allocation notice","2026-07-14","https://cuet.nta.nic.in/participating-universities/private-universities/"
"private-046","IFTM UNIVERSITY, MORADABAD","Private University","verified","unavailable","unavailable","","","Official admission bulletin/prospectus; programme mapping; constituent-college/campus list; category seat matrix; counselling route; historical cutoff/allocation notice","2026-07-14","https://cuet.nta.nic.in/participating-universities/private-universities/"
"private-047","IILM UNIVERSITY","Private University","verified","unavailable","unavailable","","","Official admission bulletin/prospectus; programme mapping; constituent-college/campus list; category seat matrix; counselling route; historical cutoff/allocation notice","2026-07-14","https://cuet.nta.nic.in/participating-universities/private-universities/"
"private-048","IILM UNIVERSITY, GURUGRAM","Private University","verified","unavailable","unavailable","","","Official admission bulletin/prospectus; programme mapping; constituent-college/campus list; category seat matrix; counselling route; historical cutoff/allocation notice","2026-07-14","https://cuet.nta.nic.in/participating-universities/private-universities/"
"private-049","IIMT UNIVERSITY","Private University","verified","unavailable","unavailable","","","Official admission bulletin/prospectus; programme mapping; constituent-college/campus list; category seat matrix; counselling route; historical cutoff/allocation notice","2026-07-14","https://cuet.nta.nic.in/participating-universities/private-universities/"
"private-050","INVERTIS UNIVERSITY","Private University","verified","unavailable","unavailable","","","Official admission bulletin/prospectus; programme mapping; constituent-college/campus list; category seat matrix; counselling route; historical cutoff/allocation notice","2026-07-14","https://cuet.nta.nic.in/participating-universities/private-universities/"
"private-051","ITM SKILLS UNIVERSITY, NAVI MUMBAI","Private University","verified","unavailable","unavailable","","","Official admission bulletin/prospectus; programme mapping; constituent-college/campus list; category seat matrix; counselling route; historical cutoff/allocation notice","2026-07-14","https://cuet.nta.nic.in/participating-universities/private-universities/"
"private-052","ITM UNIVERSITY, RAIPUR","Private University","verified","unavailable","unavailable","","","Official admission bulletin/prospectus; programme mapping; constituent-college/campus list; category seat matrix; counselling route; historical cutoff/allocation notice","2026-07-14","https://cuet.nta.nic.in/participating-universities/private-universities/"
"private-053","ITM VOCATIONAL UNIVERSITY, VADODARA","Private University","verified","unavailable","unavailable","","","Official admission bulletin/prospectus; programme mapping; constituent-college/campus list; category seat matrix; counselling route; historical cutoff/allocation notice","2026-07-14","https://cuet.nta.nic.in/participating-universities/private-universities/"
"private-054","JAGAN NATH UNIVERSITY, JAIPUR","Private University","verified","unavailable","unavailable","","","Official admission bulletin/prospectus; programme mapping; constituent-college/campus list; category seat matrix; counselling route; historical cutoff/allocation notice","2026-07-14","https://cuet.nta.nic.in/participating-universities/private-universities/"
"private-055","JAGANATH UNIVERSITY(DELHI NCR)","Private University","verified","unavailable","unavailable","","","Official admission bulletin/prospectus; programme mapping; constituent-college/campus list; category seat matrix; counselling route; historical cutoff/allocation notice","2026-07-14","https://cuet.nta.nic.in/participating-universities/private-universities/"
"private-056","JAIPUR NATIONAL UNIVERSITY","Private University","verified","unavailable","unavailable","","","Official admission bulletin/prospectus; programme mapping; constituent-college/campus list; category seat matrix; counselling route; historical cutoff/allocation notice","2026-07-14","https://cuet.nta.nic.in/participating-universities/private-universities/"
"private-057","JECRC UNIVERSITY","Private University","verified","unavailable","unavailable","","","Official admission bulletin/prospectus; programme mapping; constituent-college/campus list; category seat matrix; counselling route; historical cutoff/allocation notice","2026-07-14","https://cuet.nta.nic.in/participating-universities/private-universities/"
"private-058","JIS UNIVERSITY, KOLKATA","Private University","verified","unavailable","unavailable","","","Official admission bulletin/prospectus; programme mapping; constituent-college/campus list; category seat matrix; counselling route; historical cutoff/allocation notice","2026-07-14","https://cuet.nta.nic.in/participating-universities/private-universities/"
"private-059","K.R. MANGALAM UNIVERSITY","Private University","verified","unavailable","unavailable","","","Official admission bulletin/prospectus; programme mapping; constituent-college/campus list; category seat matrix; counselling route; historical cutoff/allocation notice","2026-07-14","https://cuet.nta.nic.in/participating-universities/private-universities/"
"private-060","KALINGA UNIVERSITY","Private University","verified","unavailable","unavailable","","","Official admission bulletin/prospectus; programme mapping; constituent-college/campus list; category seat matrix; counselling route; historical cutoff/allocation notice","2026-07-14","https://cuet.nta.nic.in/participating-universities/private-universities/"
"private-061","KARNAVATI UNIVERSITY","Private University","verified","unavailable","unavailable","","","Official admission bulletin/prospectus; programme mapping; constituent-college/campus list; category seat matrix; counselling route; historical cutoff/allocation notice","2026-07-14","https://cuet.nta.nic.in/participating-universities/private-universities/"
"private-062","LOVELY PROFESSIONAL UNIVERSITY","Private University","verified","unavailable","unavailable","","","Official admission bulletin/prospectus; programme mapping; constituent-college/campus list; category seat matrix; counselling route; historical cutoff/allocation notice","2026-07-14","https://cuet.nta.nic.in/participating-universities/private-universities/"
"private-063","MADHAV UNIVERSITY","Private University","verified","unavailable","unavailable","","","Official admission bulletin/prospectus; programme mapping; constituent-college/campus list; category seat matrix; counselling route; historical cutoff/allocation notice","2026-07-14","https://cuet.nta.nic.in/participating-universities/private-universities/"
"private-064","MAHATMA JYOTI RAO PHOOLE UNIVERSITY","Private University","verified","unavailable","unavailable","","","Official admission bulletin/prospectus; programme mapping; constituent-college/campus list; category seat matrix; counselling route; historical cutoff/allocation notice","2026-07-14","https://cuet.nta.nic.in/participating-universities/private-universities/"
"private-065","MAHINDRA UNIVERSITY","Private University","verified","unavailable","unavailable","","","Official admission bulletin/prospectus; programme mapping; constituent-college/campus list; category seat matrix; counselling route; historical cutoff/allocation notice","2026-07-14","https://cuet.nta.nic.in/participating-universities/private-universities/"
"private-066","MANAV RACHNA UNIVERSITY, FARIDABAD","Private University","verified","unavailable","unavailable","","","Official admission bulletin/prospectus; programme mapping; constituent-college/campus list; category seat matrix; counselling route; historical cutoff/allocation notice","2026-07-14","https://cuet.nta.nic.in/participating-universities/private-universities/"
"private-067","MANGALAYATAN UNIVERSITY, ALIGARH","Private University","verified","unavailable","unavailable","","","Official admission bulletin/prospectus; programme mapping; constituent-college/campus list; category seat matrix; counselling route; historical cutoff/allocation notice","2026-07-14","https://cuet.nta.nic.in/participating-universities/private-universities/"
"private-068","MANGALAYATAN UNIVERSITY, JABALPUR","Private University","verified","unavailable","unavailable","","","Official admission bulletin/prospectus; programme mapping; constituent-college/campus list; category seat matrix; counselling route; historical cutoff/allocation notice","2026-07-14","https://cuet.nta.nic.in/participating-universities/private-universities/"
"private-069","MANIPAL UNIVERSITY JAIPUR","Private University","verified","unavailable","unavailable","","","Official admission bulletin/prospectus; programme mapping; constituent-college/campus list; category seat matrix; counselling route; historical cutoff/allocation notice","2026-07-14","https://cuet.nta.nic.in/participating-universities/private-universities/"
"private-070","MATS UNIVERSITY, RAIPUR","Private University","verified","unavailable","unavailable","","","Official admission bulletin/prospectus; programme mapping; constituent-college/campus list; category seat matrix; counselling route; historical cutoff/allocation notice","2026-07-14","https://cuet.nta.nic.in/participating-universities/private-universities/"
"private-071","MEWAR UNIVERSITY, CHITTORGARH (RAJASTHAN)","Private University","verified","unavailable","unavailable","","","Official admission bulletin/prospectus; programme mapping; constituent-college/campus list; category seat matrix; counselling route; historical cutoff/allocation notice","2026-07-14","https://cuet.nta.nic.in/participating-universities/private-universities/"
"private-072","MNR UNIVERSITY","Private University","verified","unavailable","unavailable","","","Official admission bulletin/prospectus; programme mapping; constituent-college/campus list; category seat matrix; counselling route; historical cutoff/allocation notice","2026-07-14","https://cuet.nta.nic.in/participating-universities/private-universities/"
"private-073","MODY UNIVERSITY","Private University","verified","unavailable","unavailable","","","Official admission bulletin/prospectus; programme mapping; constituent-college/campus list; category seat matrix; counselling route; historical cutoff/allocation notice","2026-07-14","https://cuet.nta.nic.in/participating-universities/private-universities/"
"private-074","NIIT UNIVERSITY, RAJASTHAN","Private University","verified","unavailable","unavailable","","","Official admission bulletin/prospectus; programme mapping; constituent-college/campus list; category seat matrix; counselling route; historical cutoff/allocation notice","2026-07-14","https://cuet.nta.nic.in/participating-universities/private-universities/"
"private-075","NOIDA INTERNATIONAL UNIVERSITY","Private University","verified","unavailable","unavailable","","","Official admission bulletin/prospectus; programme mapping; constituent-college/campus list; category seat matrix; counselling route; historical cutoff/allocation notice","2026-07-14","https://cuet.nta.nic.in/participating-universities/private-universities/"
"private-076","OM STERLING GLOBAL UNIVERSITY, HISAR, HARYANA","Private University","verified","unavailable","unavailable","","","Official admission bulletin/prospectus; programme mapping; constituent-college/campus list; category seat matrix; counselling route; historical cutoff/allocation notice","2026-07-14","https://cuet.nta.nic.in/participating-universities/private-universities/"
"private-077","PEARL ACADEMY","Private University","verified","unavailable","unavailable","","","Official admission bulletin/prospectus; programme mapping; constituent-college/campus list; category seat matrix; counselling route; historical cutoff/allocation notice","2026-07-14","https://cuet.nta.nic.in/participating-universities/private-universities/"
"private-078","POORNIMA UNIVERSITY","Private University","verified","unavailable","unavailable","","","Official admission bulletin/prospectus; programme mapping; constituent-college/campus list; category seat matrix; counselling route; historical cutoff/allocation notice","2026-07-14","https://cuet.nta.nic.in/participating-universities/private-universities/"
"private-079","R V UNIVERSITY","Private University","verified","unavailable","unavailable","","","Official admission bulletin/prospectus; programme mapping; constituent-college/campus list; category seat matrix; counselling route; historical cutoff/allocation notice","2026-07-14","https://cuet.nta.nic.in/participating-universities/private-universities/"
"private-080","RABINDRANATH TAGORE UNIVERSITY","Private University","verified","unavailable","unavailable","","","Official admission bulletin/prospectus; programme mapping; constituent-college/campus list; category seat matrix; counselling route; historical cutoff/allocation notice","2026-07-14","https://cuet.nta.nic.in/participating-universities/private-universities/"
"private-081","RAKSHPAL BAHADUR MANAGEMENT INSTITUTE","Private University","verified","unavailable","unavailable","","","Official admission bulletin/prospectus; programme mapping; constituent-college/campus list; category seat matrix; counselling route; historical cutoff/allocation notice","2026-07-14","https://cuet.nta.nic.in/participating-universities/private-universities/"
"private-082","RAMA UNIVERSITY UTTAR PRADESH KANPUR","Private University","verified","unavailable","unavailable","","","Official admission bulletin/prospectus; programme mapping; constituent-college/campus list; category seat matrix; counselling route; historical cutoff/allocation notice","2026-07-14","https://cuet.nta.nic.in/participating-universities/private-universities/"
"private-083","RAMAIAH UNIVERSITY","Private University","verified","unavailable","unavailable","","","Official admission bulletin/prospectus; programme mapping; constituent-college/campus list; category seat matrix; counselling route; historical cutoff/allocation notice","2026-07-14","https://cuet.nta.nic.in/participating-universities/private-universities/"
"private-084","RENAISSANCE UNIVERSITY","Private University","verified","unavailable","unavailable","","","Official admission bulletin/prospectus; programme mapping; constituent-college/campus list; category seat matrix; counselling route; historical cutoff/allocation notice","2026-07-14","https://cuet.nta.nic.in/participating-universities/private-universities/"
"private-085","REVA UNIVERSITY","Private University","verified","unavailable","unavailable","","","Official admission bulletin/prospectus; programme mapping; constituent-college/campus list; category seat matrix; counselling route; historical cutoff/allocation notice","2026-07-14","https://cuet.nta.nic.in/participating-universities/private-universities/"
"private-086","RISHIHOOD UNIVERSITY","Private University","verified","unavailable","unavailable","","","Official admission bulletin/prospectus; programme mapping; constituent-college/campus list; category seat matrix; counselling route; historical cutoff/allocation notice","2026-07-14","https://cuet.nta.nic.in/participating-universities/private-universities/"
"private-087","RNB GLOBAL UNIVERSITY, BIKANER ( RAJASTHAN)","Private University","verified","unavailable","unavailable","","","Official admission bulletin/prospectus; programme mapping; constituent-college/campus list; category seat matrix; counselling route; historical cutoff/allocation notice","2026-07-14","https://cuet.nta.nic.in/participating-universities/private-universities/"
"private-088","SAGE UNIVERSITY, INDORE","Private University","verified","unavailable","unavailable","","","Official admission bulletin/prospectus; programme mapping; constituent-college/campus list; category seat matrix; counselling route; historical cutoff/allocation notice","2026-07-14","https://cuet.nta.nic.in/participating-universities/private-universities/"
"private-089","SANSKRITI UNIVERSITY","Private University","verified","unavailable","unavailable","","","Official admission bulletin/prospectus; programme mapping; constituent-college/campus list; category seat matrix; counselling route; historical cutoff/allocation notice","2026-07-14","https://cuet.nta.nic.in/participating-universities/private-universities/"
"private-090","SANT BABA BHAG SINGH UNIVERSITY","Private University","verified","unavailable","unavailable","","","Official admission bulletin/prospectus; programme mapping; constituent-college/campus list; category seat matrix; counselling route; historical cutoff/allocation notice","2026-07-14","https://cuet.nta.nic.in/participating-universities/private-universities/"
"private-091","SARDAR BHAGWAN SINGH UNIVERSITY","Private University","verified","unavailable","unavailable","","","Official admission bulletin/prospectus; programme mapping; constituent-college/campus list; category seat matrix; counselling route; historical cutoff/allocation notice","2026-07-14","https://cuet.nta.nic.in/participating-universities/private-universities/"
"private-092","SAROJ INTERNATIONAL UNIVERSITY","Private University","verified","unavailable","unavailable","","","Official admission bulletin/prospectus; programme mapping; constituent-college/campus list; category seat matrix; counselling route; historical cutoff/allocation notice","2026-07-14","https://cuet.nta.nic.in/participating-universities/private-universities/"
"private-093","SCHOOL OF MANAGEMENT SCIENCES(SMS)","Private University","verified","unavailable","unavailable","","","Official admission bulletin/prospectus; programme mapping; constituent-college/campus list; category seat matrix; counselling route; historical cutoff/allocation notice","2026-07-14","https://cuet.nta.nic.in/participating-universities/private-universities/"
"private-094","SHARDA UNIVERSITY (AGRA)","Private University","verified","unavailable","unavailable","","","Official admission bulletin/prospectus; programme mapping; constituent-college/campus list; category seat matrix; counselling route; historical cutoff/allocation notice","2026-07-14","https://cuet.nta.nic.in/participating-universities/private-universities/"
"private-095","SHARDA UNIVERSITY NOIDA","Private University","verified","unavailable","unavailable","","","Official admission bulletin/prospectus; programme mapping; constituent-college/campus list; category seat matrix; counselling route; historical cutoff/allocation notice","2026-07-14","https://cuet.nta.nic.in/participating-universities/private-universities/"
"private-096","SHOOLINI UNIVERSITY OF BIOTECHNOLOGY AND MANAGEMENT SCIENCES","Private University","verified","unavailable","unavailable","","","Official admission bulletin/prospectus; programme mapping; constituent-college/campus list; category seat matrix; counselling route; historical cutoff/allocation notice","2026-07-14","https://cuet.nta.nic.in/participating-universities/private-universities/"
"private-097","SHREE GURU GOBIND SINGH TRICENTENARY (SGT) UNIVERSITY","Private University","verified","unavailable","unavailable","","","Official admission bulletin/prospectus; programme mapping; constituent-college/campus list; category seat matrix; counselling route; historical cutoff/allocation notice","2026-07-14","https://cuet.nta.nic.in/participating-universities/private-universities/"
"private-098","SIKKIM GLOBAL TECHNICAL UNIVERSITY","Private University","verified","unavailable","unavailable","","","Official admission bulletin/prospectus; programme mapping; constituent-college/campus list; category seat matrix; counselling route; historical cutoff/allocation notice","2026-07-14","https://cuet.nta.nic.in/participating-universities/private-universities/"
"private-099","SIKKIM MANIPAL UNIVERSITY","Private University","verified","unavailable","unavailable","","","Official admission bulletin/prospectus; programme mapping; constituent-college/campus list; category seat matrix; counselling route; historical cutoff/allocation notice","2026-07-14","https://cuet.nta.nic.in/participating-universities/private-universities/"
"private-100","SINGHANIA UNIVERSITY","Private University","verified","unavailable","unavailable","","","Official admission bulletin/prospectus; programme mapping; constituent-college/campus list; category seat matrix; counselling route; historical cutoff/allocation notice","2026-07-14","https://cuet.nta.nic.in/participating-universities/private-universities/"
"private-101","SIR PADAMPAT SINGHANIA UNIVERSITY, UDAIPUR","Private University","verified","unavailable","unavailable","","","Official admission bulletin/prospectus; programme mapping; constituent-college/campus list; category seat matrix; counselling route; historical cutoff/allocation notice","2026-07-14","https://cuet.nta.nic.in/participating-universities/private-universities/"
"private-102","SISTER NIVEDITA UNIVERSITY","Private University","verified","unavailable","unavailable","","","Official admission bulletin/prospectus; programme mapping; constituent-college/campus list; category seat matrix; counselling route; historical cutoff/allocation notice","2026-07-14","https://cuet.nta.nic.in/participating-universities/private-universities/"
"private-103","SRM UNIVERSITY - AP","Private University","verified","unavailable","unavailable","","","Official admission bulletin/prospectus; programme mapping; constituent-college/campus list; category seat matrix; counselling route; historical cutoff/allocation notice","2026-07-14","https://cuet.nta.nic.in/participating-universities/private-universities/"
"private-104","SRM UNIVERSITY DELHI NCR SONEPAT","Private University","verified","unavailable","unavailable","","","Official admission bulletin/prospectus; programme mapping; constituent-college/campus list; category seat matrix; counselling route; historical cutoff/allocation notice","2026-07-14","https://cuet.nta.nic.in/participating-universities/private-universities/"
"private-105","SUNBEAM COLLEGE FOR WOMEN","Private University","verified","unavailable","unavailable","","","Official admission bulletin/prospectus; programme mapping; constituent-college/campus list; category seat matrix; counselling route; historical cutoff/allocation notice","2026-07-14","https://cuet.nta.nic.in/participating-universities/private-universities/"
"private-106","SURESH GYAN VIHAR UNIVERSITY JAIPUR","Private University","verified","unavailable","unavailable","","","Official admission bulletin/prospectus; programme mapping; constituent-college/campus list; category seat matrix; counselling route; historical cutoff/allocation notice","2026-07-14","https://cuet.nta.nic.in/participating-universities/private-universities/"
"private-107","SUSHANT UNIVERSITY(GURUGRAM)","Private University","verified","unavailable","unavailable","","","Official admission bulletin/prospectus; programme mapping; constituent-college/campus list; category seat matrix; counselling route; historical cutoff/allocation notice","2026-07-14","https://cuet.nta.nic.in/participating-universities/private-universities/"
"private-108","SWAMI RAMA HIMALAYAN UNIVERSITY","Private University","verified","unavailable","unavailable","","","Official admission bulletin/prospectus; programme mapping; constituent-college/campus list; category seat matrix; counselling route; historical cutoff/allocation notice","2026-07-14","https://cuet.nta.nic.in/participating-universities/private-universities/"
"private-109","SWAMI VIVEKANAND SUBHARTI UNIVERSITY","Private University","verified","unavailable","unavailable","","","Official admission bulletin/prospectus; programme mapping; constituent-college/campus list; category seat matrix; counselling route; historical cutoff/allocation notice","2026-07-14","https://cuet.nta.nic.in/participating-universities/private-universities/"
"private-110","TECHNO INDIA UNIVERSITY","Private University","verified","unavailable","unavailable","","","Official admission bulletin/prospectus; programme mapping; constituent-college/campus list; category seat matrix; counselling route; historical cutoff/allocation notice","2026-07-14","https://cuet.nta.nic.in/participating-universities/private-universities/"
"private-111","TEERTHANKER MAHAVEER UNIVERSITY","Private University","verified","unavailable","unavailable","","","Official admission bulletin/prospectus; programme mapping; constituent-college/campus list; category seat matrix; counselling route; historical cutoff/allocation notice","2026-07-14","https://cuet.nta.nic.in/participating-universities/private-universities/"
"private-112","THE NEOTIA UNIVERSITY","Private University","verified","unavailable","unavailable","","","Official admission bulletin/prospectus; programme mapping; constituent-college/campus list; category seat matrix; counselling route; historical cutoff/allocation notice","2026-07-14","https://cuet.nta.nic.in/participating-universities/private-universities/"
"private-113","UNITED UNIVERSITY, PRAYAGRAJ","Private University","verified","unavailable","unavailable","","","Official admission bulletin/prospectus; programme mapping; constituent-college/campus list; category seat matrix; counselling route; historical cutoff/allocation notice","2026-07-14","https://cuet.nta.nic.in/participating-universities/private-universities/"
"private-114","UNIVERSITY OF ENGINEERING & MANAGEMENT, JAIPUR","Private University","verified","unavailable","unavailable","","","Official admission bulletin/prospectus; programme mapping; constituent-college/campus list; category seat matrix; counselling route; historical cutoff/allocation notice","2026-07-14","https://cuet.nta.nic.in/participating-universities/private-universities/"
"private-115","UPES - DEHRADUN","Private University","verified","unavailable","unavailable","","","Official admission bulletin/prospectus; programme mapping; constituent-college/campus list; category seat matrix; counselling route; historical cutoff/allocation notice","2026-07-14","https://cuet.nta.nic.in/participating-universities/private-universities/"
"private-116","USHA MARTIN UNIVERSITY","Private University","verified","unavailable","unavailable","","","Official admission bulletin/prospectus; programme mapping; constituent-college/campus list; category seat matrix; counselling route; historical cutoff/allocation notice","2026-07-14","https://cuet.nta.nic.in/participating-universities/private-universities/"
"private-117","VIDYA UNIVERSITY, MEERUT","Private University","verified","unavailable","unavailable","","","Official admission bulletin/prospectus; programme mapping; constituent-college/campus list; category seat matrix; counselling route; historical cutoff/allocation notice","2026-07-14","https://cuet.nta.nic.in/participating-universities/private-universities/"
"private-118","VISHWA VISHWANI INSTITUTE OF SYSTEMS AND MANAGEMENT, HYDERABAD","Private University","verified","unavailable","unavailable","","","Official admission bulletin/prospectus; programme mapping; constituent-college/campus list; category seat matrix; counselling route; historical cutoff/allocation notice","2026-07-14","https://cuet.nta.nic.in/participating-universities/private-universities/"
"private-119","VIVEKANANDA GLOBAL UNIVERSITY, JAIPUR, RAJASTHAN","Private University","verified","unavailable","unavailable","","","Official admission bulletin/prospectus; programme mapping; constituent-college/campus list; category seat matrix; counselling route; historical cutoff/allocation notice","2026-07-14","https://cuet.nta.nic.in/participating-universities/private-universities/"
"private-120","WORLD UNIVERSITY OF DESIGN","Private University","verified","unavailable","unavailable","","","Official admission bulletin/prospectus; programme mapping; constituent-college/campus list; category seat matrix; counselling route; historical cutoff/allocation notice","2026-07-14","https://cuet.nta.nic.in/participating-universities/private-universities/"
"othergovernment-001","FOOTWEAR DESIGN AND DEVELOPMENT INSTITUTE","Other Government Institution","verified","unavailable","unavailable","","","Official admission bulletin/prospectus; programme mapping; constituent-college/campus list; category seat matrix; counselling route; historical cutoff/allocation notice","2026-07-14","https://cuet.nta.nic.in/participating-universities/other-government-institutions/"
"othergovernment-002","GOVT. COLLEGE FOR WOMEN, PARADE GROUND, JAMMU","Other Government Institution","verified","unavailable","unavailable","","","Official admission bulletin/prospectus; programme mapping; constituent-college/campus list; category seat matrix; counselling route; historical cutoff/allocation notice","2026-07-14","https://cuet.nta.nic.in/participating-universities/other-government-institutions/"
"othergovernment-003","INDIAN COUNCIL OF AGRICULTURAL RESEARCH (ICAR)","Other Government Institution","verified","unavailable","unavailable","","","Official admission bulletin/prospectus; programme mapping; constituent-college/campus list; category seat matrix; counselling route; historical cutoff/allocation notice","2026-07-14","https://cuet.nta.nic.in/participating-universities/other-government-institutions/"
"othergovernment-004","INDIAN INSTITUTE OF TOURISM & TRAVEL MANAGEMENT UNIVERSITY","Other Government Institution","verified","unavailable","unavailable","","","Official admission bulletin/prospectus; programme mapping; constituent-college/campus list; category seat matrix; counselling route; historical cutoff/allocation notice","2026-07-14","https://cuet.nta.nic.in/participating-universities/other-government-institutions/"
"othergovernment-005","NATIONAL FORENSIC SCIENCES UNIVERSITY (NFSU)","Other Government Institution","verified","unavailable","unavailable","","","Official admission bulletin/prospectus; programme mapping; constituent-college/campus list; category seat matrix; counselling route; historical cutoff/allocation notice","2026-07-14","https://cuet.nta.nic.in/participating-universities/other-government-institutions/"
"othergovernment-006","NATIONAL INSTITUTE OF FOOD TECHNOLOGY ENTREPRENEURSHIP AND MANAGEMENT, KUNDLI, (NIFTEM-K)","Other Government Institution","verified","unavailable","unavailable","","","Official admission bulletin/prospectus; programme mapping; constituent-college/campus list; category seat matrix; counselling route; historical cutoff/allocation notice","2026-07-14","https://cuet.nta.nic.in/participating-universities/other-government-institutions/"
"othergovernment-007","RAJIV GANDHI INSTITUTE OF PETROLEUM TECHNOLOGY","Other Government Institution","verified","unavailable","unavailable","","","Official admission bulletin/prospectus; programme mapping; constituent-college/campus list; category seat matrix; counselling route; historical cutoff/allocation notice","2026-07-14","https://cuet.nta.nic.in/participating-universities/other-government-institutions/"
