id,institution,ntaType,collegeOrCampus,city,programme,classXIIStatus,classXIIStream,classXIIRequiredSubjects,minimumMarks,cuetStatus,cuetAlternatives,counsellingRoute,seatStatus,historicalCutoffStatus,verificationStatus,sourceUrls,sourceTitles,sourcePagesOrSections,admissionYears,lastVerified,notes
"du-srcc-bcom-hons-2025","University of Delhi","Central University","Shri Ram College of Commerce","Delhi","B.Com. (Hons.)","incomplete","Commerce | Science | Humanities | Any","","","verified","Any one Section I language + Mathematics/Applied Mathematics + Any two Section II subjects, at least one from B1 OR Any one Section I language + Accountancy/Book Keeping + Any two Section II subjects, at least one from B1","DU CSAS (UG)","unavailable","verified","incomplete","https://cuet.nta.nic.in/university-of-delhi/ | https://admission.uod.ac.in/userfiles/downloads/2025/07032025_UG-BOI_compressed-1.pdf | https://admission.uod.ac.in/2025/userfiles/downloads/18062025_CSAS-UG_compressed.pdf | https://admission.uod.ac.in/2025/userfiles/downloads/2025/19072025_CutOff_UG_Round_One.pdf","University of Delhi | CUET UG programme information | UG Bulletin of Information 2025, University of Delhi | CSAS UG 2025, University of Delhi | UG Round One allocation/minimum scores 2025, University of Delhi","Programme(s) Information, B.Com (Hons.) row | pp. 10-11; common eligibility and programme framework | pp. 6-9; single-window CSAS route | p. 67; SRCC B.Com (Hons.)","2025","2026-07-14","Historical scores are guidance only and are not guaranteed admission. | Class XII eligibility and CUET requirements are intentionally separate fields."
"du-miranda-ba-hons-english-2025","University of Delhi","Central University","Miranda House","Delhi","B.A. (Hons.) English","incomplete","Commerce | Science | Humanities | Any","","","verified","English + Any two Section II B1 subjects + One B1 or B2 subject","DU CSAS (UG)","verified","verified","verified","https://cuet.nta.nic.in/university-of-delhi/ | https://admission.uod.ac.in/userfiles/downloads/2025/07032025_UG-BOI_compressed-1.pdf | https://admission.uod.ac.in/2025/userfiles/downloads/18062025_CSAS-UG_compressed.pdf | https://admission.uod.ac.in/2025/userfiles/downloads/2025/19072025_CutOff_UG_Round_One.pdf","University of Delhi | CUET UG programme information | UG Bulletin of Information 2025, University of Delhi | CSAS UG 2025, University of Delhi | UG Round One allocation/minimum scores 2025, University of Delhi","Programme(s) Information, B.A. (Hons.) English row | p. 21; English programme and Miranda House seat row | pp. 6-9 | p. 48; Miranda House B.A. (Hons.) English","2025","2026-07-14","Historical scores are guidance only and are not guaranteed admission."
"du-miranda-bsc-hons-physics-2025","University of Delhi","Central University","Miranda House","Delhi","B.Sc. (Hons.) Physics","incomplete","Science","Physics | Chemistry | Mathematics/Applied Mathematics","","verified","Physics + Chemistry + Mathematics/Applied Mathematics","DU CSAS (UG)","unavailable","verified","incomplete","https://cuet.nta.nic.in/university-of-delhi/ | https://admission.uod.ac.in/2025/userfiles/downloads/18062025_CSAS-UG_compressed.pdf | https://admission.uod.ac.in/2025/userfiles/downloads/2025/19072025_CutOff_UG_Round_One.pdf","University of Delhi | CUET UG programme information | CSAS UG 2025, University of Delhi | UG Round One allocation/minimum scores 2025, University of Delhi","Programme(s) Information, B.Sc. (Hons.) Physics row | pp. 6-9 | p. 49; Miranda House B.Sc. (Hons.) Physics","2025","2026-07-14","Historical scores are guidance only and are not guaranteed admission."
"bhu-bcom-hons-2025","Banaras Hindu University","Central University","Faculty of Commerce","Varanasi","B.Com. (Hons.) / B.Com. (Hons.)-FMM","verified","Commerce | Science | Any with specified subject","One specified commerce-related subject","50","verified","Accountancy/Book Keeping (301) + Business Studies (305) + General Aptitude Test (501)","CAP-UG","verified","unavailable","verified","https://cuet.nta.nic.in/banaras-hindu-university/ | https://www.bhu.ac.in/Images/files/UG%20Bulletin%202025.pdf","Banaras Hindu University | CUET UG programme information | UG Bulletin 2025, Banaras Hindu University","Programme(s) Information, B.Com row | pp. 11-12 and 48","2025","2026-07-14","Seat-table labels FMC/MMV/RGSC/AMPG/DAVPG/VKM/VCW are kept as printed; expansion must be checked against the full bulletin before display. | Historical cutoff intentionally unavailable."
"bhu-ba-social-sciences-2025","Banaras Hindu University","Central University","Faculty of Social Sciences","Varanasi","B.A. in Economics/Geography/History/Political Science/Psychology/Sociology","verified","Any","","50","verified","English (101) or Hindi (102) + General Aptitude Test (501)","CAP-UG","unavailable","unavailable","verified","https://cuet.nta.nic.in/banaras-hindu-university/ | https://www.bhu.ac.in/Images/files/UG%20Bulletin%202025.pdf","Banaras Hindu University | CUET UG programme information | UG Bulletin 2025, Banaras Hindu University","Programme(s) Information, B.A. (Hons.) Social Sciences row | pp. 11-12 and 57","2025","2026-07-14",""
"au-bcom-2026","University of Allahabad","Central University","","","B.Com.","incomplete","Commerce | Science","","","incomplete","","University of Allahabad UG admission process","unavailable","incomplete","incomplete","https://allduniv.ac.in/upload/file_collection/UG%20Information%20Bulletin_2026.pdf | https://allduniv.ac.in/p/694/ug-admissions-2025","UG Information Bulletin 2026, University of Allahabad | UG Admissions 2025, University of Allahabad","p. 12; official PDF located, text verification incomplete | Commerce merit/cutoff notice index","2026 | 2025","2026-07-14","Do not show a cutoff score until the individual official merit notice is extracted."
"au-bca-2025","University of Allahabad","Central University","","","BCA","verified","Science | Commerce | Other with specified subject","One of Mathematics/Statistics/IT/Computer Science/Information Science where applicable","","verified","English or Hindi + Any two of Computer Science/Information Practices, Mathematics, Physics + General Test (501)","University of Allahabad UG admission process","unavailable","unavailable","incomplete","https://cuet.nta.nic.in/university-of-allahabad/","University of Allahabad | CUET UG programme information","Programme(s) Information, BCA row","2025","2026-07-14",""
"au-ba-media-studies-2025","University of Allahabad","Central University","","","B.A. Media Studies","verified","Any","","","verified","English or Hindi + Any one listed Section II domain subject + General Test (501)","University of Allahabad UG admission process","unavailable","unavailable","incomplete","https://cuet.nta.nic.in/university-of-allahabad/","University of Allahabad | CUET UG programme information","Programme(s) Information, B.A. Media Studies row","2025","2026-07-14",""
"au-ba-combination-01","University of Allahabad","Central University","","","B.A.-ARABIC ENGLISH LANG. MED. HISTORY","verified","Arts | Science | Commerce","","","verified","English or Hindi + Any two listed domain subjects + General Test (501)","University of Allahabad UG admission process","unavailable","unavailable","incomplete","https://cuet.nta.nic.in/university-of-allahabad/","University of Allahabad | CUET UG programme information","Programme(s) Information, B.A. row 8","2025","2026-07-14",""
"au-ba-combination-02","University of Allahabad","Central University","","","B.A.-POLITICAL SCIENCE PSYCHOLOGY ANC. HISTORY","verified","Arts | Science | Commerce","","","verified","English or Hindi + Any two listed domain subjects + General Test (501)","University of Allahabad UG admission process","unavailable","unavailable","incomplete","https://cuet.nta.nic.in/university-of-allahabad/","University of Allahabad | CUET UG programme information","Programme(s) Information, B.A. row 9","2025","2026-07-14",""
"au-ba-combination-03","University of Allahabad","Central University","","","B.A.-PSYCHOLOGY DEFENCE STD. ENGLISH LANG.","verified","Arts | Science | Commerce","","","verified","English or Hindi + Any two listed domain subjects + General Test (501)","University of Allahabad UG admission process","unavailable","unavailable","incomplete","https://cuet.nta.nic.in/university-of-allahabad/","University of Allahabad | CUET UG programme information","Programme(s) Information, B.A. row 10","2025","2026-07-14",""
"au-ba-combination-04","University of Allahabad","Central University","","","B.A.-SANSKRIT ANC. HISTORY POLITICAL SCIENCE","verified","Arts | Science | Commerce","","","verified","English or Hindi + Any two listed domain subjects + General Test (501)","University of Allahabad UG admission process","unavailable","unavailable","incomplete","https://cuet.nta.nic.in/university-of-allahabad/","University of Allahabad | CUET UG programme information","Programme(s) Information, B.A. row 11","2025","2026-07-14",""
"au-ba-combination-05","University of Allahabad","Central University","","","B.A.-SANSKRIT HINDI ECONOMICS","verified","Arts | Science | Commerce","","","verified","English or Hindi + Any two listed domain subjects + General Test (501)","University of Allahabad UG admission process","unavailable","unavailable","incomplete","https://cuet.nta.nic.in/university-of-allahabad/","University of Allahabad | CUET UG programme information","Programme(s) Information, B.A. row 12","2025","2026-07-14",""
"au-ba-combination-06","University of Allahabad","Central University","","","B.A.-SANSKRIT ENGLISH LIT. POLITICAL SCIENCE","verified","Arts | Science | Commerce","","","verified","English or Hindi + Any two listed domain subjects + General Test (501)","University of Allahabad UG admission process","unavailable","unavailable","incomplete","https://cuet.nta.nic.in/university-of-allahabad/","University of Allahabad | CUET UG programme information","Programme(s) Information, B.A. row 13","2025","2026-07-14",""
"au-ba-combination-07","University of Allahabad","Central University","","","B.A.-SANSKRIT HINDI ANC. HISTORY","verified","Arts | Science | Commerce","","","verified","English or Hindi + Any two listed domain subjects + General Test (501)","University of Allahabad UG admission process","unavailable","unavailable","incomplete","https://cuet.nta.nic.in/university-of-allahabad/","University of Allahabad | CUET UG programme information","Programme(s) Information, B.A. row 14","2025","2026-07-14",""
"au-ba-combination-08","University of Allahabad","Central University","","","B.A.-POLITICAL SCIENCE GEOGRAPHY ANTHROPOLOGY","verified","Arts | Science | Commerce","","","verified","English or Hindi + Any two listed domain subjects + General Test (501)","University of Allahabad UG admission process","unavailable","unavailable","incomplete","https://cuet.nta.nic.in/university-of-allahabad/","University of Allahabad | CUET UG programme information","Programme(s) Information, B.A. row 15","2025","2026-07-14",""
"au-ba-combination-09","University of Allahabad","Central University","","","B.A.-SANSKRIT ENGLISH LIT. PHILOSOPHY","verified","Arts | Science | Commerce","","","verified","English or Hindi + Any two listed domain subjects + General Test (501)","University of Allahabad UG admission process","unavailable","unavailable","incomplete","https://cuet.nta.nic.in/university-of-allahabad/","University of Allahabad | CUET UG programme information","Programme(s) Information, B.A. row 16","2025","2026-07-14",""
"au-ba-combination-10","University of Allahabad","Central University","","","B.A.-POLITICAL SCIENCE GEOGRAPHY ANC. HISTORY","verified","Arts | Science | Commerce","","","verified","English or Hindi + Any two listed domain subjects + General Test (501)","University of Allahabad UG admission process","unavailable","unavailable","incomplete","https://cuet.nta.nic.in/university-of-allahabad/","University of Allahabad | CUET UG programme information","Programme(s) Information, B.A. row 17","2025","2026-07-14",""
"au-ba-combination-11","University of Allahabad","Central University","","","B.A.-HINDI ANC. HISTORY EDUCATION","verified","Arts | Science | Commerce","","","verified","English or Hindi + Any two listed domain subjects + General Test (501)","University of Allahabad UG admission process","unavailable","unavailable","incomplete","https://cuet.nta.nic.in/university-of-allahabad/","University of Allahabad | CUET UG programme information","Programme(s) Information, B.A. row 18","2025","2026-07-14",""
"au-ba-combination-12","University of Allahabad","Central University","","","B.A.-POLITICAL SCIENCE DEFENCE STD. ANTHROPOLOGY","verified","Arts | Science | Commerce","","","verified","English or Hindi + Any two listed domain subjects + General Test (501)","University of Allahabad UG admission process","unavailable","unavailable","incomplete","https://cuet.nta.nic.in/university-of-allahabad/","University of Allahabad | CUET UG programme information","Programme(s) Information, B.A. row 19","2025","2026-07-14",""
"au-ba-combination-13","University of Allahabad","Central University","","","B.A.-PHILOSOPHY ANC. HISTORY POLITICAL SCIENCE","verified","Arts | Science | Commerce","","","verified","English or Hindi + Any two listed domain subjects + General Test (501)","University of Allahabad UG admission process","unavailable","unavailable","incomplete","https://cuet.nta.nic.in/university-of-allahabad/","University of Allahabad | CUET UG programme information","Programme(s) Information, B.A. row 20","2025","2026-07-14",""
"au-ba-combination-14","University of Allahabad","Central University","","","B.A.-SANSKRIT HINDI EDUCATION","verified","Arts | Science | Commerce","","","verified","English or Hindi + Any two listed domain subjects + General Test (501)","University of Allahabad UG admission process","unavailable","unavailable","incomplete","https://cuet.nta.nic.in/university-of-allahabad/","University of Allahabad | CUET UG programme information","Programme(s) Information, B.A. row 21","2025","2026-07-14",""
"au-ba-combination-15","University of Allahabad","Central University","","","B.A.-GEOGRAPHY DEFENCE STD. PHILOSOPHY","verified","Arts | Science | Commerce","","","verified","English or Hindi + Any two listed domain subjects + General Test (501)","University of Allahabad UG admission process","unavailable","unavailable","incomplete","https://cuet.nta.nic.in/university-of-allahabad/","University of Allahabad | CUET UG programme information","Programme(s) Information, B.A. row 22","2025","2026-07-14",""
"au-ba-combination-16","University of Allahabad","Central University","","","B.A.-GEOGRAPHY PSYCHOLOGY ENGLISH LIT.","verified","Arts | Science | Commerce","","","verified","English or Hindi + Any two listed domain subjects + General Test (501)","University of Allahabad UG admission process","unavailable","unavailable","incomplete","https://cuet.nta.nic.in/university-of-allahabad/","University of Allahabad | CUET UG programme information","Programme(s) Information, B.A. row 23","2025","2026-07-14",""
"au-ba-combination-17","University of Allahabad","Central University","","","B.A.-GEOGRAPHY DEFENCE STD. ENGLISH LIT.","verified","Arts | Science | Commerce","","","verified","English or Hindi + Any two listed domain subjects + General Test (501)","University of Allahabad UG admission process","unavailable","unavailable","incomplete","https://cuet.nta.nic.in/university-of-allahabad/","University of Allahabad | CUET UG programme information","Programme(s) Information, B.A. row 24","2025","2026-07-14",""
"au-ba-combination-18","University of Allahabad","Central University","","","B.A.-GEOGRAPHY DEFENCE STD. ENGLISH LANG.","verified","Arts | Science | Commerce","","","verified","English or Hindi + Any two listed domain subjects + General Test (501)","University of Allahabad UG admission process","unavailable","unavailable","incomplete","https://cuet.nta.nic.in/university-of-allahabad/","University of Allahabad | CUET UG programme information","Programme(s) Information, B.A. row 25","2025","2026-07-14",""
"au-ba-combination-19","University of Allahabad","Central University","","","B.A.-GEOGRAPHY DEFENCE STD. ANC. HISTORY","verified","Arts | Science | Commerce","","","verified","English or Hindi + Any two listed domain subjects + General Test (501)","University of Allahabad UG admission process","unavailable","unavailable","incomplete","https://cuet.nta.nic.in/university-of-allahabad/","University of Allahabad | CUET UG programme information","Programme(s) Information, B.A. row 26","2025","2026-07-14",""
"au-ba-combination-20","University of Allahabad","Central University","","","B.A.-ENGLISH LIT. PHILOSOPHY POLITICAL SCIENCE","verified","Arts | Science | Commerce","","","verified","English or Hindi + Any two listed domain subjects + General Test (501)","University of Allahabad UG admission process","unavailable","unavailable","incomplete","https://cuet.nta.nic.in/university-of-allahabad/","University of Allahabad | CUET UG programme information","Programme(s) Information, B.A. row 27","2025","2026-07-14",""
"au-ba-combination-21","University of Allahabad","Central University","","","B.A.-POLITICAL SCIENCE DEFENCE STD. PHILOSOPHY","verified","Arts | Science | Commerce","","","verified","English or Hindi + Any two listed domain subjects + General Test (501)","University of Allahabad UG admission process","unavailable","unavailable","incomplete","https://cuet.nta.nic.in/university-of-allahabad/","University of Allahabad | CUET UG programme information","Programme(s) Information, B.A. row 28","2025","2026-07-14",""
"au-ba-combination-22","University of Allahabad","Central University","","","B.A.-SANSKRIT HINDI MED. HISTORY","verified","Arts | Science | Commerce","","","verified","English or Hindi + Any two listed domain subjects + General Test (501)","University of Allahabad UG admission process","unavailable","unavailable","incomplete","https://cuet.nta.nic.in/university-of-allahabad/","University of Allahabad | CUET UG programme information","Programme(s) Information, B.A. row 29","2025","2026-07-14",""
"au-ba-combination-23","University of Allahabad","Central University","","","B.A.-SITAR HINDI MED. HISTORY","verified","Arts | Science | Commerce","","","verified","English or Hindi + Any two listed domain subjects + General Test (501)","University of Allahabad UG admission process","unavailable","unavailable","incomplete","https://cuet.nta.nic.in/university-of-allahabad/","University of Allahabad | CUET UG programme information","Programme(s) Information, B.A. row 30","2025","2026-07-14",""
"au-ba-combination-24","University of Allahabad","Central University","","","B.A.-SANSKRIT PHILOSOPHY ANC. HISTORY","verified","Arts | Science | Commerce","","","verified","English or Hindi + Any two listed domain subjects + General Test (501)","University of Allahabad UG admission process","unavailable","unavailable","incomplete","https://cuet.nta.nic.in/university-of-allahabad/","University of Allahabad | CUET UG programme information","Programme(s) Information, B.A. row 31","2025","2026-07-14",""
"au-ba-combination-25","University of Allahabad","Central University","","","B.A.-VOCAL SANSKRIT HINDI","verified","Arts | Science | Commerce","","","verified","English or Hindi + Any two listed domain subjects + General Test (501)","University of Allahabad UG admission process","unavailable","unavailable","incomplete","https://cuet.nta.nic.in/university-of-allahabad/","University of Allahabad | CUET UG programme information","Programme(s) Information, B.A. row 32","2025","2026-07-14",""
"au-ba-combination-26","University of Allahabad","Central University","","","B.A.-VOCAL SANSKRIT EDUCATION","verified","Arts | Science | Commerce","","","verified","English or Hindi + Any two listed domain subjects + General Test (501)","University of Allahabad UG admission process","unavailable","unavailable","incomplete","https://cuet.nta.nic.in/university-of-allahabad/","University of Allahabad | CUET UG programme information","Programme(s) Information, B.A. row 33","2025","2026-07-14",""
"au-ba-combination-27","University of Allahabad","Central University","","","B.A.-VOCAL ENGLISH LIT. ECONOMICS","verified","Arts | Science | Commerce","","","verified","English or Hindi + Any two listed domain subjects + General Test (501)","University of Allahabad UG admission process","unavailable","unavailable","incomplete","https://cuet.nta.nic.in/university-of-allahabad/","University of Allahabad | CUET UG programme information","Programme(s) Information, B.A. row 34","2025","2026-07-14",""
"au-ba-combination-28","University of Allahabad","Central University","","","B.A.-VOCAL ENGLISH LANG. EDUCATION","verified","Arts | Science | Commerce","","","verified","English or Hindi + Any two listed domain subjects + General Test (501)","University of Allahabad UG admission process","unavailable","unavailable","incomplete","https://cuet.nta.nic.in/university-of-allahabad/","University of Allahabad | CUET UG programme information","Programme(s) Information, B.A. row 35","2025","2026-07-14",""
"au-ba-combination-29","University of Allahabad","Central University","","","B.A.-VOCAL ANC. HISTORY EDUCATION","verified","Arts | Science | Commerce","","","verified","English or Hindi + Any two listed domain subjects + General Test (501)","University of Allahabad UG admission process","unavailable","unavailable","incomplete","https://cuet.nta.nic.in/university-of-allahabad/","University of Allahabad | CUET UG programme information","Programme(s) Information, B.A. row 36","2025","2026-07-14",""
"au-ba-combination-30","University of Allahabad","Central University","","","B.A.-VOCAL SANSKRIT EDUCATION","verified","Arts | Science | Commerce","","","verified","English or Hindi + Any two listed domain subjects + General Test (501)","University of Allahabad UG admission process","unavailable","unavailable","incomplete","https://cuet.nta.nic.in/university-of-allahabad/","University of Allahabad | CUET UG programme information","Programme(s) Information, B.A. row 37","2025","2026-07-14",""
"au-ba-combination-31","University of Allahabad","Central University","","","B.A.-URDU MED. HISTORY ECONOMICS","verified","Arts | Science | Commerce","","","verified","English or Hindi + Any two listed domain subjects + General Test (501)","University of Allahabad UG admission process","unavailable","unavailable","incomplete","https://cuet.nta.nic.in/university-of-allahabad/","University of Allahabad | CUET UG programme information","Programme(s) Information, B.A. row 38","2025","2026-07-14",""
"au-ba-combination-32","University of Allahabad","Central University","","","B.A.-URDU ENGLISH LIT. MED. HISTORY","verified","Arts | Science | Commerce","","","verified","English or Hindi + Any two listed domain subjects + General Test (501)","University of Allahabad UG admission process","unavailable","unavailable","incomplete","https://cuet.nta.nic.in/university-of-allahabad/","University of Allahabad | CUET UG programme information","Programme(s) Information, B.A. row 39","2025","2026-07-14",""
"au-ba-combination-33","University of Allahabad","Central University","","","B.A.-URDU ENGLISH LIT. ANC. HISTORY","verified","Arts | Science | Commerce","","","verified","English or Hindi + Any two listed domain subjects + General Test (501)","University of Allahabad UG admission process","unavailable","unavailable","incomplete","https://cuet.nta.nic.in/university-of-allahabad/","University of Allahabad | CUET UG programme information","Programme(s) Information, B.A. row 40","2025","2026-07-14",""
"au-ba-combination-34","University of Allahabad","Central University","","","B.A.-TABLA SANSKRIT HINDI","verified","Arts | Science | Commerce","","","verified","English or Hindi + Any two listed domain subjects + General Test (501)","University of Allahabad UG admission process","unavailable","unavailable","incomplete","https://cuet.nta.nic.in/university-of-allahabad/","University of Allahabad | CUET UG programme information","Programme(s) Information, B.A. row 41","2025","2026-07-14",""
"au-ba-combination-35","University of Allahabad","Central University","","","B.A.-SANSKRIT HINDI PHILOSOPHY","verified","Arts | Science | Commerce","","","verified","English or Hindi + Any two listed domain subjects + General Test (501)","University of Allahabad UG admission process","unavailable","unavailable","incomplete","https://cuet.nta.nic.in/university-of-allahabad/","University of Allahabad | CUET UG programme information","Programme(s) Information, B.A. row 42","2025","2026-07-14",""
"au-ba-combination-36","University of Allahabad","Central University","","","B.A.-TABLA SANSKRIT ENGLISH LIT.","verified","Arts | Science | Commerce","","","verified","English or Hindi + Any two listed domain subjects + General Test (501)","University of Allahabad UG admission process","unavailable","unavailable","incomplete","https://cuet.nta.nic.in/university-of-allahabad/","University of Allahabad | CUET UG programme information","Programme(s) Information, B.A. row 43","2025","2026-07-14",""
"au-ba-combination-37","University of Allahabad","Central University","","","B.A.-TABLA ANC. HISTORY EDUCATION","verified","Arts | Science | Commerce","","","verified","English or Hindi + Any two listed domain subjects + General Test (501)","University of Allahabad UG admission process","unavailable","unavailable","incomplete","https://cuet.nta.nic.in/university-of-allahabad/","University of Allahabad | CUET UG programme information","Programme(s) Information, B.A. row 44","2025","2026-07-14",""
"au-ba-combination-38","University of Allahabad","Central University","","","B.A.-SOCIOLOGY EDUCATION MED. HISTORY","verified","Arts | Science | Commerce","","","verified","English or Hindi + Any two listed domain subjects + General Test (501)","University of Allahabad UG admission process","unavailable","unavailable","incomplete","https://cuet.nta.nic.in/university-of-allahabad/","University of Allahabad | CUET UG programme information","Programme(s) Information, B.A. row 45","2025","2026-07-14",""
"au-ba-combination-39","University of Allahabad","Central University","","","B.A.-SOCIOLOGY PHILOSOPHY ANC. HISTORY","verified","Arts | Science | Commerce","","","verified","English or Hindi + Any two listed domain subjects + General Test (501)","University of Allahabad UG admission process","unavailable","unavailable","incomplete","https://cuet.nta.nic.in/university-of-allahabad/","University of Allahabad | CUET UG programme information","Programme(s) Information, B.A. row 46","2025","2026-07-14",""
"au-ba-combination-40","University of Allahabad","Central University","","","B.A.-SOCIOLOGY PSYCHOLOGY GEOGRAPHY","verified","Arts | Science | Commerce","","","verified","English or Hindi + Any two listed domain subjects + General Test (501)","University of Allahabad UG admission process","unavailable","unavailable","incomplete","https://cuet.nta.nic.in/university-of-allahabad/","University of Allahabad | CUET UG programme information","Programme(s) Information, B.A. row 47","2025","2026-07-14",""
"au-ba-combination-41","University of Allahabad","Central University","","","B.A.-SOCIOLOGY ECONOMICS POL. SCIENCE","verified","Arts | Science | Commerce","","","verified","English or Hindi + Any two listed domain subjects + General Test (501)","University of Allahabad UG admission process","unavailable","unavailable","incomplete","https://cuet.nta.nic.in/university-of-allahabad/","University of Allahabad | CUET UG programme information","Programme(s) Information, B.A. row 48","2025","2026-07-14",""
"au-ba-combination-42","University of Allahabad","Central University","","","B.A.-SITAR SANSKRIT POLITICAL SCIENCE","verified","Arts | Science | Commerce","","","verified","English or Hindi + Any two listed domain subjects + General Test (501)","University of Allahabad UG admission process","unavailable","unavailable","incomplete","https://cuet.nta.nic.in/university-of-allahabad/","University of Allahabad | CUET UG programme information","Programme(s) Information, B.A. row 49","2025","2026-07-14",""
"ipu-bca-2025","Guru Gobind Singh Indraprastha University","State University","","","BCA","verified","Any","","50","verified","English (101) + Mathematics (319) + Computer Science/Information Practices (308) + General Test (501)","GGSIPU admission process / CUET merit route","unavailable","unavailable","incomplete","https://cuet.nta.nic.in/guru-gobind-singh-indraprastha-university/ | https://ipu.admissions.nic.in/document/addendum-to-admission-brochure-for-bachelors-programme-2025-26-with-respect-to-chapter-1-3-admissions-through-the-merit-of-cuet-academic-session-2025-2026-dated-17-03-2025/ | https://ipu.admissions.nic.in/schedule-notices/","Guru Gobind Singh Indraprastha University | CUET UG programme information | Addendum to Admission Brochure for Bachelor Programmes 2025-26: admissions through CUET merit | GGSIPU Schedule Notices","NTA GGSIPU programme table row 1 | CUET merit route | 2025 CUET programme/cutoff notices","2025","2026-07-14","College-level affiliation, seats, category quota and historical closing scores require the programme-specific GGSIPU brochure/notice and are not inferred here."
"ipu-ba-economics-2025","Guru Gobind Singh Indraprastha University","State University","","","4-Year B.A. Economics","verified","Any","","50","verified","English (101) + Economics/Business Economics (309) + Mathematics/Applied Mathematics (319)","GGSIPU admission process / CUET merit route","unavailable","unavailable","incomplete","https://cuet.nta.nic.in/guru-gobind-singh-indraprastha-university/ | https://ipu.admissions.nic.in/document/addendum-to-admission-brochure-for-bachelors-programme-2025-26-with-respect-to-chapter-1-3-admissions-through-the-merit-of-cuet-academic-session-2025-2026-dated-17-03-2025/ | https://ipu.admissions.nic.in/schedule-notices/","Guru Gobind Singh Indraprastha University | CUET UG programme information | Addendum to Admission Brochure for Bachelor Programmes 2025-26: admissions through CUET merit | GGSIPU Schedule Notices","NTA GGSIPU programme table row 4 | CUET merit route | 2025 CUET programme/cutoff notices","2025","2026-07-14","College-level affiliation, seats, category quota and historical closing scores require the programme-specific GGSIPU brochure/notice and are not inferred here."
"ipu-ba-english-2025","Guru Gobind Singh Indraprastha University","State University","","","4-Year B.A. English","verified","Any","","50","verified","English (101) + General Test (501)","GGSIPU admission process / CUET merit route","unavailable","unavailable","incomplete","https://cuet.nta.nic.in/guru-gobind-singh-indraprastha-university/ | https://ipu.admissions.nic.in/document/addendum-to-admission-brochure-for-bachelors-programme-2025-26-with-respect-to-chapter-1-3-admissions-through-the-merit-of-cuet-academic-session-2025-2026-dated-17-03-2025/ | https://ipu.admissions.nic.in/schedule-notices/","Guru Gobind Singh Indraprastha University | CUET UG programme information | Addendum to Admission Brochure for Bachelor Programmes 2025-26: admissions through CUET merit | GGSIPU Schedule Notices","NTA GGSIPU programme table row 5 | CUET merit route | 2025 CUET programme/cutoff notices","2025","2026-07-14","College-level affiliation, seats, category quota and historical closing scores require the programme-specific GGSIPU brochure/notice and are not inferred here."
"ipu-bsc-environmental-science-2025","Guru Gobind Singh Indraprastha University","State University","","","B.Sc. Environmental Science","verified","Any","","50","verified","English (101) + Any one listed Section II subject + General Test (501)","GGSIPU admission process / CUET merit route","unavailable","unavailable","incomplete","https://cuet.nta.nic.in/guru-gobind-singh-indraprastha-university/ | https://ipu.admissions.nic.in/document/addendum-to-admission-brochure-for-bachelors-programme-2025-26-with-respect-to-chapter-1-3-admissions-through-the-merit-of-cuet-academic-session-2025-2026-dated-17-03-2025/ | https://ipu.admissions.nic.in/schedule-notices/","Guru Gobind Singh Indraprastha University | CUET UG programme information | Addendum to Admission Brochure for Bachelor Programmes 2025-26: admissions through CUET merit | GGSIPU Schedule Notices","NTA GGSIPU programme table row 6 | CUET merit route | 2025 CUET programme/cutoff notices","2025","2026-07-14","College-level affiliation, seats, category quota and historical closing scores require the programme-specific GGSIPU brochure/notice and are not inferred here."
"ipu-bcom-hons-2025","Guru Gobind Singh Indraprastha University","State University","","","4-Year B.Com. (Hons.)","verified","Any","","50","verified","English (101) + General Test (501)","GGSIPU admission process / CUET merit route","unavailable","unavailable","incomplete","https://cuet.nta.nic.in/guru-gobind-singh-indraprastha-university/ | https://ipu.admissions.nic.in/document/addendum-to-admission-brochure-for-bachelors-programme-2025-26-with-respect-to-chapter-1-3-admissions-through-the-merit-of-cuet-academic-session-2025-2026-dated-17-03-2025/ | https://ipu.admissions.nic.in/schedule-notices/","Guru Gobind Singh Indraprastha University | CUET UG programme information | Addendum to Admission Brochure for Bachelor Programmes 2025-26: admissions through CUET merit | GGSIPU Schedule Notices","NTA GGSIPU programme table row 19 | CUET merit route | 2025 CUET programme/cutoff notices","2025","2026-07-14","College-level affiliation, seats, category quota and historical closing scores require the programme-specific GGSIPU brochure/notice and are not inferred here."
"ipu-bhmct-2025","Guru Gobind Singh Indraprastha University","State University","","","BHMCT","verified","Any","","50","verified","English (101) + General Test (501) + Accountancy/Book Keeping (301)","GGSIPU admission process / CUET merit route","unavailable","unavailable","incomplete","https://cuet.nta.nic.in/guru-gobind-singh-indraprastha-university/ | https://ipu.admissions.nic.in/document/addendum-to-admission-brochure-for-bachelors-programme-2025-26-with-respect-to-chapter-1-3-admissions-through-the-merit-of-cuet-academic-session-2025-2026-dated-17-03-2025/ | https://ipu.admissions.nic.in/schedule-notices/","Guru Gobind Singh Indraprastha University | CUET UG programme information | Addendum to Admission Brochure for Bachelor Programmes 2025-26: admissions through CUET merit | GGSIPU Schedule Notices","NTA GGSIPU programme table row 20 | CUET merit route | 2025 CUET programme/cutoff notices","2025","2026-07-14","College-level affiliation, seats, category quota and historical closing scores require the programme-specific GGSIPU brochure/notice and are not inferred here."
"ipu-bba-2025","Guru Gobind Singh Indraprastha University","State University","","","4-Year BBA and allied programmes","verified","Any","","50","verified","English (101) + General Test (501) + Business Studies (305)","GGSIPU admission process / CUET merit route","unavailable","unavailable","incomplete","https://cuet.nta.nic.in/guru-gobind-singh-indraprastha-university/ | https://ipu.admissions.nic.in/document/addendum-to-admission-brochure-for-bachelors-programme-2025-26-with-respect-to-chapter-1-3-admissions-through-the-merit-of-cuet-academic-session-2025-2026-dated-17-03-2025/ | https://ipu.admissions.nic.in/schedule-notices/","Guru Gobind Singh Indraprastha University | CUET UG programme information | Addendum to Admission Brochure for Bachelor Programmes 2025-26: admissions through CUET merit | GGSIPU Schedule Notices","NTA GGSIPU programme table row 21 | CUET merit route | 2025 CUET programme/cutoff notices","2025","2026-07-14","College-level affiliation, seats, category quota and historical closing scores require the programme-specific GGSIPU brochure/notice and are not inferred here."
"ipu-bjmc-2025","Guru Gobind Singh Indraprastha University","State University","","","BJMC","verified","Any","","50","verified","English (101) + General Test (501) + Mass Media/Mass Communication (318)","GGSIPU admission process / CUET merit route","unavailable","unavailable","incomplete","https://cuet.nta.nic.in/guru-gobind-singh-indraprastha-university/ | https://ipu.admissions.nic.in/document/addendum-to-admission-brochure-for-bachelors-programme-2025-26-with-respect-to-chapter-1-3-admissions-through-the-merit-of-cuet-academic-session-2025-2026-dated-17-03-2025/ | https://ipu.admissions.nic.in/schedule-notices/","Guru Gobind Singh Indraprastha University | CUET UG programme information | Addendum to Admission Brochure for Bachelor Programmes 2025-26: admissions through CUET merit | GGSIPU Schedule Notices","NTA GGSIPU programme table row 18 | CUET merit route | 2025 CUET programme/cutoff notices","2025","2026-07-14","College-level affiliation, seats, category quota and historical closing scores require the programme-specific GGSIPU brochure/notice and are not inferred here."
"ipu-bsc-y-2025","Guru Gobind Singh Indraprastha University","State University","","","B.Sc. (Y)","verified","Any","","50","verified","Physics (322) + Chemistry (306) + Biology/Biotechnology (304) + Mathematics (319) + General Test (501) + English (101)","GGSIPU admission process / CUET merit route","unavailable","unavailable","incomplete","https://cuet.nta.nic.in/guru-gobind-singh-indraprastha-university/ | https://ipu.admissions.nic.in/document/addendum-to-admission-brochure-for-bachelors-programme-2025-26-with-respect-to-chapter-1-3-admissions-through-the-merit-of-cuet-academic-session-2025-2026-dated-17-03-2025/ | https://ipu.admissions.nic.in/schedule-notices/","Guru Gobind Singh Indraprastha University | CUET UG programme information | Addendum to Admission Brochure for Bachelor Programmes 2025-26: admissions through CUET merit | GGSIPU Schedule Notices","NTA GGSIPU programme table row 30 | CUET merit route | 2025 CUET programme/cutoff notices","2025","2026-07-14","College-level affiliation, seats, category quota and historical closing scores require the programme-specific GGSIPU brochure/notice and are not inferred here."
"ipu-btech-bt-2025","Guru Gobind Singh Indraprastha University","State University","","","B.Tech (BT)","verified","Any","","55","verified","Physics (306) + Chemistry (322) + Mathematics (319) + Biology/Biotechnology (304)","GGSIPU admission process / CUET merit route","unavailable","unavailable","incomplete","https://cuet.nta.nic.in/guru-gobind-singh-indraprastha-university/ | https://ipu.admissions.nic.in/document/addendum-to-admission-brochure-for-bachelors-programme-2025-26-with-respect-to-chapter-1-3-admissions-through-the-merit-of-cuet-academic-session-2025-2026-dated-17-03-2025/ | https://ipu.admissions.nic.in/schedule-notices/","Guru Gobind Singh Indraprastha University | CUET UG programme information | Addendum to Admission Brochure for Bachelor Programmes 2025-26: admissions through CUET merit | GGSIPU Schedule Notices","NTA GGSIPU programme table row 31 | CUET merit route | 2025 CUET programme/cutoff notices","2025","2026-07-14","College-level affiliation, seats, category quota and historical closing scores require the programme-specific GGSIPU brochure/notice and are not inferred here."
